Timestamp,lat,long,gpsspeed,LTE_HO,MN_HO,eNB_to_ENDC,gNB_Rel,gNB_HO,RLF,SCG_RLF,num_of_neis,RSRP,RSRQ,RSRP1,RSRQ1,RSRP2,RSRQ2,nr-RSRP,nr-RSRQ,nr-RSRP1,nr-RSRQ1,nr-RSRP2,nr-RSRQ2,dl-loss,ul-loss,dl-exc-lat,ul-exc-lat,dl-latency,ul-latency
2023-04-01 15:30:39,-,-,-,0,0,0,0,0,0,0,4,-96.84375,-16.25,-96.96875,-16.40625,-97.03125,-15.4375,-85.11057142857143,-12.475285714285713,-91.07228571428571,-18.268857142857144,-92.1032,-18.353199999999998,0,9,0,0,0.00893186016949153,0.009789629518072293
2023-04-01 15:30:40,-,-,-,0,0,0,0,0,0,0,4,-97.125,-16.6875,-95.5625,-15.1875,-96.4375,-16.0625,-84.78500000000001,-12.402499999999998,-91.199,-18.035000000000004,-92.61200000000001,-18.321666666666665,0,17,0,0,0.008968199999999997,0.010233830227743268
2023-04-01 15:30:41,-,-,-,0,0,0,0,0,0,0,4,-97.390625,-16.6875,-95.609375,-14.828125,-96.40625,-16.5625,-87.89066666666668,-13.5,-90.21883333333335,-17.462166666666665,-90.508,-14.5,0,13,0,0,0.009270054000000002,0.009700709876543218
2023-04-01 15:30:42,-,-,-,0,1,0,0,0,0,0,5,-95.51875,-15.68125,-90.8125,-14.875,-93.09375,-14.1875,-91.51242857142856,-16.225285714285718,-88.84700000000001,-14.872857142857143,-93.64299999999999,-19.270666666666667,0,14,0,0,0.014611258000000009,0.012951069958847731
2023-04-01 15:30:43,-,-,-,0,0,0,0,0,0,0,4,-96.75,-16.0625,-93.625,-14.375,-93.875,-14.5,-91.315,-16.744833333333332,-87.61033333333334,-14.057166666666665,-93.64850000000001,-16.5235,0,17,0,0,0.008875242,0.008315370600414084
2023-04-01 15:30:44,-,-,-,0,1,0,0,0,0,0,5,-90.3671875,-12.875,-91.4375,-13.625,-93.55357142857143,-15.1875,-89.89333333333333,-16.13266666666667,-89.5065,-15.228,-93.8314,-17.0734,0,12,0,0,0.011595139999999995,0.011833163934426223
2023-04-01 15:30:45,-,-,-,0,0,0,0,0,0,0,4,-88.71875,-10.09375,-94.34375,-15.0,-96.75,-17.75,-87.72016666666667,-14.867166666666668,-90.1175,-16.68883333333333,-90.5,-16.617166666666666,0,20,0,0,0.008842430000000002,0.007916479166666672
2023-04-01 15:30:46,-,-,-,0,0,0,0,0,0,0,5,-90.4375,-10.1875,-92.875,-14.25,-99.25,-20.4375,-84.62957142857144,-13.899714285714285,-90.21442857142857,-18.444142857142857,-91.51785714285714,-18.78571428571429,0,14,0,0,0.009638247999999997,0.008076273662551443
2023-04-01 15:30:47,-,-,-,0,0,0,0,0,0,0,4,-86.609375,-10.265625,-91.3125,-15.359375,-94.09375,-19.375,-83.49483333333332,-13.377666666666668,-87.83083333333333,-17.3255,-90.15499999999999,-18.59133333333333,0,7,0,0,0.008947280000000005,0.008311032454361053
2023-04-01 15:30:48,-,-,-,0,0,0,0,0,0,0,3,-86.39583333333333,-9.4375,-91.16666666666667,-14.791666666666666,-95.0,-19.9375,-81.634,-12.894499999999999,-85.70833333333333,-16.520833333333332,-89.992,-20.117,0,7,0,0,0.009219394,0.009074825557809326
2023-04-01 15:30:49,-,-,-,0,0,0,0,0,0,0,2,-85.5,-9.0,-88.5625,-14.25,-99.125,-21.875,-79.97033333333333,-13.445333333333332,-80.461,-14.414,-98.57933333333334,-22.825666666666667,0,13,0,0,0.009088782,0.009090203285420949
2023-04-01 15:30:50,-,-,-,0,0,0,0,0,0,0,3,-87.71875,-9.28125,-91.90625,-15.03125,-93.0,-16.875,-83.16614285714284,-15.580285714285717,-78.279,-12.208714285714285,-83.281,-16.164,0,11,0,0,0.008857733999999994,0.00814578118609407
2023-04-01 15:30:51,-,-,-,0,0,0,0,0,0,0,2,-83.85416666666667,-8.333333333333334,-89.97916666666667,-15.479166666666666,-92.79166666666667,-17.8125,-82.58466666666666,-16.912666666666667,-78.38666666666667,-12.0405,-84.50975,-19.1775,0,13,0,0,0.009973009999999992,0.007785457905544145
2023-04-01 15:30:52,-,-,-,0,0,0,0,0,0,0,2,-84.75,-8.90625,-93.3125,-19.15625,-93.5,-18.0625,-80.45316666666666,-15.014166666666666,-81.62883333333333,-13.761833333333334,-86.55675000000001,-20.08,0,10,0,0,0.00923700399999999,0.007672373469387759
2023-04-01 15:30:53,-,-,-,0,0,0,0,0,0,0,2,-84.3125,-8.875,-91.3125,-18.3125,-96.0,-18.9375,-82.44266666666665,-13.764166666666666,-83.17175,-16.14075,-84.51450000000001,-16.782500000000002,0,14,0,0,0.008874106000000012,0.007643113168724286
2023-04-01 15:30:54,-,-,-,0,0,0,0,0,0,0,3,-86.53125,-9.6875,-88.5,-12.625,-92.375,-16.84375,-77.03685714285714,-12.635,-83.8047142857143,-16.786857142857144,-91.872,-19.3578,0,13,0,0,0.009476830000000007,0.007550778234086242
2023-04-01 15:30:55,-,-,-,0,0,0,0,0,0,0,4,-86.02083333333333,-10.25,-86.91666666666667,-13.479166666666666,-92.64583333333333,-17.854166666666668,-82.01283333333333,-13.098999999999998,-86.94133333333332,-17.733,-87.83316666666667,-18.7045,0,15,0,0,0.009435951999999994,0.007800997938144329
2023-04-01 15:30:56,-,-,-,0,0,0,0,0,0,0,4,-86.53125,-9.84375,-88.6875,-13.4375,-92.625,-18.125,-83.83183333333334,-14.666666666666666,-84.4405,-16.279999999999998,-85.30199999999999,-17.0495,0,21,0,0,0.010101101999999992,0.007911891440501046
2023-04-01 15:30:57,-,-,-,0,0,0,0,0,0,0,3,-85.125,-9.3125,-88.875,-13.0625,-93.375,-17.75,-83.32566666666666,-15.186166666666667,-83.55199999999999,-15.60666666666667,-85.02083333333333,-15.724000000000002,0,20,0,0,0.009790110000000003,0.008217593749999995
2023-04-01 15:30:58,-,-,-,0,0,0,0,0,0,0,3,-85.5625,-9.65625,-88.75,-13.34375,-93.03125,-19.1875,-81.65957142857143,-14.797,-82.34814285714286,-15.851571428571429,-84.624,-15.685428571428572,0,17,0,0,0.009632876,0.008366844720496898
2023-04-01 15:30:59,-,-,-,0,0,0,0,0,0,0,3,-83.70833333333333,-9.9375,-88.22916666666667,-14.0,-93.75,-19.25,-78.21066666666667,-13.8215,-80.9035,-14.1925,-82.44783333333334,-18.31266666666667,0,10,0,0,0.009553565999999996,0.008881673469387757
2023-04-01 15:31:00,-,-,-,0,0,0,0,0,0,0,4,-84.15625,-9.75,-87.8125,-15.09375,-91.0625,-18.4375,-74.27083333333333,-13.451833333333335,-77.203,-13.890666666666668,-80.1955,-17.3985,0,15,0,0,0.009790913999999998,0.007729701030927838
2023-04-01 15:31:01,-,-,-,0,0,0,0,0,0,0,4,-86.0,-10.34375,-87.5625,-14.96875,-88.34375,-14.65625,-75.67566666666667,-13.596499999999999,-77.66533333333335,-14.040333333333335,-87.69133333333333,-20.0885,0,25,0,0,0.010361825999999994,0.0074162505263157905
2023-04-01 15:31:02,-,-,-,0,1,0,0,0,0,0,4,-83.875,-12.25,-79.34375,-11.0,-87.875,-17.78125,-77.1015,-13.656166666666666,-81.87633333333333,-15.425666666666666,-96.45299999999999,-21.6015,0,10,0,0,0.009583139999999995,0.00884417755102041
2023-04-01 15:31:03,-,-,-,0,0,0,0,0,0,0,4,-79.0125,-10.0,-84.5125,-13.4125,-88.2625,-18.325,-78.57257142857142,-13.337000000000002,-81.78242857142857,-14.916142857142857,-87.42642857142856,-20.538142857142855,0,20,4,0,0.015073321999999984,0.014602954166666666
2023-04-01 15:31:04,-,-,-,0,0,0,0,0,0,0,4,-79.25,-8.75,-83.6875,-13.28125,-87.28125,-16.515625,-81.75266666666667,-15.707,-80.11983333333333,-13.826833333333335,-81.95100000000001,-17.81275,0,11,0,0,0.010037449999999996,0.008355942740286294
2023-04-01 15:31:05,-,-,-,0,1,0,0,1,0,0,4,-84.85,-10.7125,-81.625,-10.8125,-87.6125,-14.2625,-83.46883333333334,-16.788999999999998,-78.949,-12.839749999999999,-79.67200000000001,-15.0405,0,13,0,0,0.010168619999999996,0.011005482546201232
2023-04-01 15:31:06,-,-,-,0,0,0,0,0,0,0,3,-78.7578125,-9.484375,-86.75,-15.2265625,-87.2109375,-13.96875,-80.38683333333334,-12.7005,-83.44416666666666,-16.427000000000003,-83.63033333333333,-16.75,0,15,0,6,0.013940629258517022,0.014133076288659802
2023-04-01 15:31:07,-,-,-,0,0,0,0,0,0,0,3,-78.35416666666667,-8.270833333333334,-87.22916666666667,-17.8125,-88.77083333333333,-19.270833333333332,-83.89514285714287,-14.793571428571427,-81.80257142857144,-14.937285714285716,-84.88799999999999,-17.683666666666667,0,11,0,0,0.009511147999999999,0.00968916973415133
2023-04-01 15:31:08,-,-,-,0,0,0,0,0,0,0,4,-77.28125,-7.71875,-84.375,-15.6875,-86.40625,-17.40625,-82.95183333333334,-15.675833333333335,-81.8205,-14.393166666666666,-85.07433333333333,-17.558666666666667,0,16,0,0,0.009285697999999995,0.008692305785123974
2023-04-01 15:31:09,-,-,-,0,0,0,0,0,0,0,5,-77.5625,-7.416666666666667,-86.33333333333333,-17.291666666666668,-88.0,-17.833333333333332,-86.24616666666668,-16.556,-79.95566666666666,-13.565166666666668,-87.336,-17.414,0,12,0,0,0.009617344000000009,0.008357192622950817
2023-04-01 15:31:10,-,-,-,0,0,0,0,1,0,0,4,-81.50892857142857,-8.803571428571429,-86.64285714285714,-17.232142857142858,-88.94642857142857,-19.642857142857142,-82.04471428571428,-15.122714285714286,-74.11966666666666,-12.541666666666666,-86.87883333333333,-18.773666666666667,0,12,0,0,0.010708390000000003,0.01016799385245901
2023-04-01 15:31:11,-,-,-,0,0,0,0,0,0,0,4,-82.8125,-10.0625,-86.25,-14.8125,-87.125,-16.0625,-72.10583333333334,-11.306,-84.25,-25.656,-101.09380000000002,-23.3174,0,11,0,0,0.009142444000000001,0.009466777096114525
2023-04-01 15:31:12,-,-,-,0,0,0,0,0,0,0,4,-77.5625,-9.208333333333334,-86.35416666666667,-16.875,-87.625,-20.041666666666668,-66.61466666666668,-10.816333333333333,-134.2045,-34.332,0,0,0,17,0,0,0.009394404000000004,0.0094426231884058
2023-04-01 15:31:13,-,-,-,0,0,0,0,0,0,0,4,-82.6875,-10.90625,-86.15625,-16.59375,-88.78125,-18.53125,-67.98449999999998,-10.744833333333332,-111.85133333333333,-24.630333333333336,-139.953,-38.531,0,12,0,0,0.00965094399999999,0.010060813524590168
2023-04-01 15:31:14,-,-,-,0,0,0,0,0,0,0,4,-82.875,-10.75,-89.5625,-19.4375,-89.625,-19.75,-71.87614285714285,-10.946285714285716,-95.9115,-21.336,-113.65625,-26.549,0,17,0,0,0.008536199999999996,0.008804519668737064
2023-04-01 15:31:15,-,-,-,0,0,0,0,0,0,0,4,-78.421875,-9.4375,-87.796875,-17.6875,-88.4375,-19.65625,-69.80983333333334,-10.866,-105.5585,-27.403666666666666,-123.09250000000002,-29.511666666666667,0,13,0,0,0.008569836,0.007875371663244353
2023-04-01 15:31:16,-,-,-,0,0,0,0,0,0,0,3,-78.125,-9.5625,-85.875,-16.75,-86.3125,-19.25,-67.66550000000001,-10.633000000000001,-133.2344,-34.6078,-139.888,-38.018,0,11,0,0,0.008825798000000008,0.00912317177914111
2023-04-01 15:31:17,-,-,-,0,0,0,0,0,0,0,3,-77.9375,-9.5,-86.0,-19.0,-87.0625,-18.03125,-70.38000000000001,-10.705666666666666,-88.508,-20.508,0,0,0,15,0,0,0.009103388000000006,0.007756482474226804
2023-04-01 15:31:18,-,-,-,0,0,0,0,0,0,0,4,-79.6875,-9.625,-87.4375,-18.375,-87.5625,-18.625,-71.61828571428572,-10.932000000000002,-114.76033333333334,-27.864500000000003,0,0,0,11,0,0,0.009249377999999999,0.007730251533742329
2023-04-01 15:31:19,-,-,-,0,0,0,0,0,0,0,3,-77.046875,-8.828125,-85.765625,-19.40625,-86.109375,-17.734375,-73.85016666666667,-11.278666666666666,-82.914,-18.211000000000002,-108.8486,-23.8704,0,14,0,0,0.009253152000000002,0.007971411522633748
2023-04-01 15:31:20,-,-,-,0,0,0,0,0,0,0,2,-78.1875,-8.375,-88.53125,-19.25,-91.1875,-21.46875,-66.31250000000001,-10.6915,-87.23849999999999,-19.168,-107.02350000000001,-24.0335,0,24,0,0,0.009332900000000009,0.007921665966386554
2023-04-01 15:31:21,-,-,-,0,0,0,0,0,0,0,2,-79.125,-7.9375,-90.9375,-19.0625,-92.125,-21.4375,-64.44283333333333,-10.594,-85.01816666666667,-19.790333333333333,-139.93483333333333,-38.967499999999994,0,8,0,0,0.008810612000000004,0.007884266260162599
2023-04-01 15:31:22,-,-,-,0,0,0,0,0,0,0,2,-76.15625,-7.40625,-85.65625,-18.21875,-87.90625,-20.40625,-64.69657142857143,-10.752142857142859,-91.09485714285714,-23.607142857142854,-126.87100000000001,-27.316000000000003,0,10,0,0,0.009169600000000007,0.008452973469387764
2023-04-01 15:31:23,-,-,-,0,0,0,0,0,0,0,4,-80.16666666666667,-8.145833333333334,-88.22916666666667,-18.541666666666668,-89.60416666666667,-19.354166666666668,-71.54299999999999,-11.212333333333333,-76.2045,-18.031166666666667,0,0,0,15,0,0,0.009500872000000006,0.008352426804123715
2023-04-01 15:31:24,-,-,-,0,0,0,0,0,0,0,6,-82.09375,-9.25,-88.4375,-18.6875,-89.1875,-16.28125,-68.23183333333333,-11.092333333333334,-95.07300000000002,-19.691333333333333,0,0,0,10,0,0,0.009126837999999996,0.008958349693251539
2023-04-01 15:31:25,-,-,-,0,0,0,0,0,0,0,6,-74.75,-7.875,-83.6875,-17.625,-83.8125,-16.0,-72.1965,-10.978166666666667,-100.224,-25.104333333333333,0,0,0,16,0,0,0.008880260000000003,0.008865479338842965
2023-04-01 15:31:26,-,-,-,0,0,0,0,0,0,0,6,-77.5,-7.96875,-85.40625,-16.6875,-87.625,-18.9375,-74.2097142857143,-11.43757142857143,-83.74671428571428,-18.799142857142858,0,0,0,10,0,0,0.009025904000000001,0.008179979591836724
2023-04-01 15:31:27,-,-,-,0,0,0,0,0,0,0,6,-80.875,-9.333333333333334,-85.1875,-16.4375,-87.35416666666667,-16.145833333333332,-77.73716666666667,-12.790333333333335,-79.814,-15.519666666666668,0,0,0,12,0,0,0.009433383999999998,0.008605391393442628
2023-04-01 15:31:28,-,-,-,0,0,0,0,0,0,0,6,-82.09375,-10.28125,-85.28125,-15.28125,-87.25,-17.40625,-78.19533333333332,-13.6015,-80.87383333333334,-15.476499999999996,-83.28325,-19.039250000000003,0,15,0,0,0.009037073999999996,0.009497117525773204
2023-04-01 15:31:29,-,-,-,0,0,0,0,0,0,0,5,-78.625,-8.78125,-84.625,-15.0625,-86.65625,-17.96875,-81.67699999999999,-15.47,-80.22916666666667,-16.808833333333332,-82.39716666666668,-15.850166666666667,0,12,0,0,0.008824017999999996,0.008924057377049176
2023-04-01 15:31:30,-,-,-,0,0,0,0,1,0,0,4,-77.41964285714286,-8.517857142857142,-85.20535714285714,-16.5625,-86.57142857142857,-15.8125,-72.18428571428572,-12.727571428571428,-71.398,-13.234,-78.85385714285714,-17.697428571428574,0,17,0,0,0.014888391999999993,0.01340709316770187
2023-04-01 15:31:31,-,-,-,0,0,0,0,0,0,0,4,-80.9375,-9.40625,-84.59375,-14.65625,-88.5625,-18.65625,-70.46483333333333,-11.3255,-77.92583333333333,-16.546666666666663,-86.64833333333333,-21.665499999999998,0,22,0,0,0.009545382000000008,0.011253790794979094
2023-04-01 15:31:32,-,-,-,0,0,0,0,0,0,0,3,-86.25,-10.875,-85.125,-12.875,-90.5,-17.6875,-71.48316666666666,-11.251333333333333,-78.21366666666667,-16.429666666666666,-100.12116666666667,-22.625,0,16,0,0,0.008606322000000003,0.0114687479338843
2023-04-01 15:31:33,-,-,-,0,0,0,0,1,0,0,3,-82.65625,-11.78125,-83.53125,-12.671875,-88.53125,-18.375,-81.548,-13.743285714285715,-75.55733333333332,-13.015666666666666,-87.852,-16.102,0,19,0,0,0.009413415999999996,0.011930536382536383
2023-04-01 15:31:34,-,-,-,0,1,0,0,0,0,0,5,-86.28977272727273,-13.039772727272727,-83.4,-12.9375,-87.82291666666667,-13.479166666666666,-81.53916666666666,-12.81,-89.83983333333333,-18.622333333333334,-98.9704,-23.038999999999998,0,14,0,0,0.014173349999999996,0.013385076131687235
2023-04-01 15:31:35,-,-,-,0,0,0,0,0,0,0,6,-82.875,-11.015625,-88.625,-14.71875,-90.171875,-16.484375,-79.7087142857143,-12.797,-83.42085714285714,-17.663,-87.11057142857143,-17.830428571428573,0,14,0,0,0.008560263999999995,0.007670444444444442
2023-04-01 15:31:36,-,-,-,0,0,0,0,0,0,0,6,-78.75,-8.4375,-84.9375,-19.375,-85.5,-18.1875,-73.44016666666666,-12.752666666666668,-78.1915,-16.291666666666668,-95.85416666666667,-20.33983333333333,0,19,0,0,0.010283865999999992,0.00787469438669439
2023-04-01 15:31:37,-,-,-,0,0,0,0,0,0,0,6,-89.0,-11.53125,-89.3125,-18.5,-91.0625,-18.0625,-84.25516666666667,-13.989666666666666,-81.84633333333333,-15.526000000000002,-89.9734,-19.9342,0,10,0,0,0.010285943999999995,0.008334061224489805
2023-04-01 15:31:38,-,-,-,0,0,0,0,0,0,0,6,-107.5625,-20.125,-94.625,-17.57638888888889,-96.02777777777777,-17.67361111111111,-95.991,-18.268166666666666,-87.81633333333332,-12.681166666666668,-93.61699999999999,-15.84,0,17,0,0,0.009451644000000014,0.01030589233954452
2023-04-01 15:31:39,-,-,-,0,0,1,0,0,1,0,5,-102.23214285714286,-18.071428571428573,-95.27083333333333,-16.979166666666668,-98.92708333333333,-17.625,-99.79166666666667,-18.768,-88.43233333333332,-12.077999999999998,-94.688,-17.094,288,32,37,255,0.04253686320754718,0.17442284188034185
2023-04-01 15:31:40,-,-,-,0,1,0,0,0,0,0,6,-91.275,-12.8625,-88.28125,-10.65625,-95.25,-17.03125,-69.43483333333332,-10.712333333333333,0,0,0,0,0,15,49,41,0.029001776000000014,0.030626876288659784
2023-04-01 15:31:41,-,-,-,0,0,0,0,0,0,0,0,-91.275,-12.8625,0,0,0,0,-70.95166666666667,-10.609666666666667,0,0,0,0,0,21,0,0,0.009607227999999997,0.011469805845511483
2023-04-01 15:31:42,-,-,-,0,0,0,0,0,0,0,4,-93.5,-12.1875,-94.25,-14.875,-98.0625,-17.5625,-82.05483333333333,-10.966166666666664,0,0,0,0,0,10,0,0,0.009683396000000006,0.01178957959183674
2023-04-01 15:31:43,-,-,-,0,0,0,0,0,0,0,4,-107.94642857142857,-20.75,-95.16071428571429,-14.589285714285714,-99.35714285714286,-17.4375,-87.70100000000001,-11.704285714285714,0,0,0,0,0,13,0,0,0.00968951599999999,0.011540427104722794
2023-04-01 15:31:44,-,-,-,0,0,0,0,0,0,0,4,-108.73076923076923,-24.432692307692307,-95.75,-13.423076923076923,-101.0048076923077,-18.076923076923077,-91.21100000000001,-12.360666666666667,0,0,0,0,435,19,0,0,0.008884538461538465,0.011183604989604997
2023-04-01 15:31:45,-,-,-,0,0,0,0,0,1,0,4,-107.59027777777777,-24.38888888888889,-95.19444444444444,-12.791666666666666,-101.45138888888889,-18.270833333333332,-90.27325,-12.07625,-99.5195,-18.055,0,0,500,9,0,25,0.008884538461538465,0.03185749083503055
2023-04-01 15:31:46,-,-,-,0,0,1,0,0,0,0,2,-94.0625,-10.854166666666666,-102.04166666666667,-18.729166666666668,-106.25,-22.791666666666668,-91.4805,-12.24425,-90.508,-13.008,0,0,139,55,7,199,0.026754506925207745,0.13156303370786512
2023-04-01 15:31:47,-,-,-,0,0,0,0,0,0,0,2,-92.0,-10.03125,-102.8125,-18.625,-106.125,-22.4375,-92.63414285714286,-12.498857142857144,-104.21528571428573,-20.433,0,0,0,10,0,0,0.010122403999999993,0.0112490918367347
2023-04-01 15:31:48,-,-,-,0,0,0,0,0,0,0,2,-93.125,-10.5,-98.75,-17.875,-105.75,-22.5625,-94.0235,-13.140499999999998,-99.18366666666668,-19.764166666666668,0,0,0,19,0,0,0.009657096000000004,0.011784523908523912
2023-04-01 15:31:49,-,-,-,0,0,0,0,0,0,0,3,-93.625,-10.8125,-99.0,-16.1875,-101.65625,-18.6875,-95.23033333333335,-13.824333333333334,-101.677,-19.903666666666666,0,0,0,12,0,0,0.009667777555110215,0.012464446721311464
2023-04-01 15:31:50,-,-,-,0,0,0,0,0,0,0,3,-93.4375,-10.875,-100.3125,-16.3125,-102.25,-18.875,-96.78000000000002,-14.597500000000002,-97.55333333333333,-17.603,-113.445,-21.312,0,18,0,0,0.009805641999999995,0.012641367219917007
2023-04-01 15:31:51,-,-,-,0,0,0,0,0,0,0,3,-93.6875,-12.5,-102.6875,-19.0625,-103.125,-20.9375,-97.20316666666668,-15.354333333333335,-96.04033333333335,-16.341166666666666,-117.7425,-23.969,0,8,0,0,0.009847948000000004,0.013575042682926846
2023-04-01 15:31:52,-,-,-,0,0,0,0,0,0,0,3,-92.75,-11.4375,-100.6875,-19.25,-100.9375,-19.9375,-97.05471428571427,-15.538,-95.15285714285713,-16.357142857142858,-102.86333333333334,-19.919500000000003,0,10,0,7,0.009612354,0.024970620408163273
2023-04-01 15:31:53,-,-,-,0,0,0,0,0,0,0,3,-93.875,-11.8125,-103.3125,-19.59375,-103.53125,-19.75,-97.25150000000001,-15.764333333333331,-96.29166666666667,-16.405,-108.15133333333334,-21.744666666666664,0,11,0,0,0.009883483999999998,0.014872421267893671
2023-04-01 15:31:54,-,-,-,0,0,0,0,0,0,0,0,-93.875,-11.8125,0,0,0,0,-98.867,-16.355500000000003,-96.73966666666665,-15.378833333333333,-120.832,-25.16225,0,19,0,0,0.009584079999999998,0.014997172557172547
2023-04-01 15:31:55,-,-,-,0,0,0,0,0,0,0,1,-90.375,-9.4375,-101.5625,-18.0625,0,0,-95.98833333333334,-15.037666666666667,-93.40766666666667,-15.385500000000002,0,0,0,14,0,0,0.009935807999999997,0.013627526748971193
2023-04-01 15:31:56,-,-,-,0,0,0,0,0,0,0,1,-91.125,-9.25,-101.75,-18.6875,0,0,-96.99366666666667,-14.187666666666667,-93.26433333333334,-14.837333333333333,0,0,0,13,0,0,0.009873595999999991,0.015660353182751545
2023-04-01 15:31:57,-,-,-,0,0,0,0,0,0,0,1,-91.65625,-9.40625,-101.75,-20.0,0,0,-96.146,-13.860666666666667,-93.827,-15.084666666666669,0,0,0,8,0,0,0.010232737999999995,0.015366975609756105
2023-04-01 15:31:58,-,-,-,0,0,0,0,0,0,0,1,-91.375,-9.0625,-98.875,-17.1875,0,0,-95.70214285714285,-13.391857142857145,-94.22214285714287,-15.298999999999998,0,0,0,20,0,0,0.010012365999999991,0.014123681249999995
2023-04-01 15:31:59,-,-,-,0,0,0,0,0,0,0,0,-91.375,-9.0625,0,0,0,0,-96.16000000000001,-14.648333333333332,-94.50383333333333,-15.227833333333331,0,0,0,16,0,0,0.009974858,0.013358367768595036
2023-04-01 15:32:00,-,-,-,0,0,0,0,0,0,0,1,-92.75,-10.1875,-101.3125,-18.6875,0,0,-97.137,-14.492333333333333,-94.25783333333334,-15.249833333333333,0,0,0,16,0,0,0.00998328599999998,0.01203103719008265
2023-04-01 15:32:01,-,-,-,0,0,0,0,0,0,0,1,-94.21875,-10.625,-99.96875,-17.46875,0,0,-95.86083333333335,-14.959666666666669,-93.62116666666667,-15.039000000000001,0,0,0,14,0,0,0.009735186000000003,0.014066010288065846
2023-04-01 15:32:02,-,-,-,0,0,0,0,1,0,0,1,-94.03125,-10.8125,-101.5,-19.0625,0,0,-95.75985714285716,-14.38742857142857,-92.25139999999999,-14.6782,-96.8205,-13.6525,0,17,0,0,0.01065011,0.014888078674948249
2023-04-01 15:32:03,-,-,-,0,0,0,0,0,0,0,0,-94.03125,-10.8125,0,0,0,0,-92.60416666666667,-14.657666666666666,-95.85283333333335,-14.424500000000002,0,0,0,13,0,0,0.00936132,0.010840205338809038
2023-04-01 15:32:04,-,-,-,0,0,0,0,0,0,0,1,-92.5625,-10.25,-102.3125,-19.375,0,0,-94.604,-15.11466666666667,-95.72383333333333,-14.9375,0,0,0,11,0,0,0.009505029999999989,0.009922699386503066
2023-04-01 15:32:05,-,-,-,0,0,0,0,0,0,0,1,-94.3125,-11.25,-103.0625,-18.125,0,0,-95.73228571428571,-15.842571428571429,-95.355,-14.76457142857143,0,0,0,18,0,0,0.009863675999999995,0.010161350622406645
2023-04-01 15:32:06,-,-,-,0,0,0,0,0,0,0,1,-92.1875,-10.0625,-99.5,-17.75,0,0,-97.23266666666667,-17.656166666666667,-94.97416666666668,-13.423166666666669,0,0,0,9,0,0,0.009295109999999999,0.010015018329938907
2023-04-01 15:32:07,-,-,-,0,0,0,0,0,0,0,1,-93.0,-10.25,-99.875,-17.125,0,0,-94.45966666666668,-16.455833333333334,-94.82933333333334,-13.765666666666666,0,0,0,18,0,0,0.009303588000000003,0.009974076923076926
2023-04-01 15:32:08,-,-,-,0,0,0,0,0,0,0,0,-93.0,-10.25,0,0,0,0,-94.543,-16.145833333333336,-95.40483333333333,-14.279833333333334,0,0,0,13,0,0,0.009468122000000002,0.010206605749486642
2023-04-01 15:32:09,-,-,-,0,0,0,0,0,0,0,2,-93.625,-11.34375,-102.8125,-19.71875,-104.15625,-21.28125,-96.34233333333333,-16.7435,-95.01833333333333,-14.052166666666666,0,0,0,14,0,0,0.009589414000000003,0.00984595679012345
2023-04-01 15:32:10,-,-,-,0,0,0,0,0,0,0,2,-91.5625,-10.125,-102.5625,-18.8125,-104.6875,-21.875,-96.10571428571428,-17.50242857142857,-94.84042857142856,-13.502142857142855,0,0,0,11,0,0,0.009271362,0.00966644580777097
2023-04-01 15:32:11,-,-,-,0,0,0,0,0,0,0,2,-93.1875,-10.3125,-100.625,-17.5625,-104.3125,-21.125,-95.36833333333334,-17.23433333333333,-93.858,-12.791666666666666,0,0,0,15,0,0,0.009172912000000005,0.009698686597938143
2023-04-01 15:32:12,-,-,-,0,0,0,0,0,0,0,2,-93.875,-10.625,-101.9375,-18.25,-104.75,-20.625,-94.83833333333332,-16.57016666666667,-95.55066666666666,-13.016833333333333,0,0,0,16,0,0,0.009420778000000003,0.009971165289256194
2023-04-01 15:32:13,-,-,-,0,0,0,0,0,0,0,1,-93.0625,-10.3125,-106.8125,-23.0,0,0,-95.6665,-16.2255,-97.08183333333334,-13.966166666666666,0,0,0,15,0,0,0.009421970000000002,0.010532490721649485
2023-04-01 15:32:14,-,-,-,0,0,0,0,0,0,0,1,-90.25,-9.1875,-105.3125,-22.6875,0,0,-95.17450000000001,-15.998833333333332,-96.46333333333332,-15.344999999999999,0,0,0,14,0,0,0.009595265999999993,0.01028428395061728
2023-04-01 15:32:15,-,-,-,0,0,0,0,0,0,0,0,-90.25,-9.1875,0,0,0,0,-94.233,-15.636666666666668,-96.93599999999999,-15.849000000000002,0,0,0,8,0,0,0.009191044000000002,0.010485294715447152
2023-04-01 15:32:16,-,-,-,0,0,0,0,0,0,0,1,-91.625,-9.84375,-104.75,-21.21875,0,0,-93.68900000000001,-15.186333333333332,-97.29666666666667,-15.5585,0,0,0,26,0,0,0.009536271999999997,0.010241700421940931
2023-04-01 15:32:17,-,-,-,0,0,0,0,0,0,0,1,-92.9375,-10.0625,-106.0,-22.3125,0,0,-94.057,-15.27442857142857,-96.2055714285714,-16.664,0,0,0,17,0,0,0.009737271999999991,0.01027029399585922
2023-04-01 15:32:18,-,-,-,0,0,0,0,0,0,0,1,-93.5,-9.9375,-105.25,-22.0625,0,0,-95.39200000000001,-16.425833333333333,-95.46233333333333,-16.350166666666663,0,0,0,12,0,0,0.009954568000000002,0.010318709016393453
2023-04-01 15:32:19,-,-,-,0,0,0,0,0,0,0,0,-93.5,-9.9375,0,0,0,0,-95.97016666666666,-16.638,-96.53533333333336,-16.894333333333332,0,0,0,7,0,0,0.009480436000000007,0.01022352535496957
2023-04-01 15:32:20,-,-,-,0,0,0,0,0,0,0,2,-91.171875,-9.28125,-104.765625,-21.65625,-105.640625,-22.734375,-100.56116666666667,-18.218833333333333,-97.45583333333333,-16.5105,-98.77633333333334,-17.950666666666667,0,10,10,0,0.01733316400000001,0.010311273469387754
2023-04-01 15:32:21,-,-,-,0,0,0,0,0,0,0,2,-92.3125,-9.5625,-105.09375,-20.5,-105.1875,-22.0625,-100.66016666666667,-18.897333333333332,-98.61333333333334,-16.403833333333335,-106.06825,-21.578249999999997,0,12,0,0,0.010960119999999995,0.010360153688524597
2023-04-01 15:32:22,-,-,-,0,0,0,0,0,0,0,1,-95.41666666666667,-11.25,-100.0625,-17.8125,0,0,-99.18642857142856,-18.602714285714285,-97.92985714285714,-16.401857142857146,-105.83425,-17.546999999999997,1,13,68,0,0.03529738276553106,0.009954151950718686
2023-04-01 15:32:23,-,-,-,0,0,0,0,0,0,0,1,-93.79,-11.0875,-101.25,-17.0,0,0,-100.15780000000001,-18.5,-98.3892,-15.831199999999999,-113.51559999999999,-22.457800000000002,0,12,0,0,0.012947952000000007,0.00981664959016392
2023-04-01 15:32:24,-,-,-,0,0,0,0,0,0,0,1,-91.09722222222223,-10.010416666666666,-107.0,-23.65625,0,0,-99.98657142857142,-17.94542857142857,-96.38714285714286,-15.129428571428573,-101.965,-18.832,0,11,0,0,0.012720712000000012,0.009899791411042946
2023-04-01 15:32:25,-,-,-,0,0,0,0,0,0,0,1,-90.9625,-9.5125,-105.2125,-22.425,0,0,-96.2915,-17.070333333333334,-96.58866666666667,-14.986833333333331,0,0,0,13,0,0,0.013084094000000008,0.009951872689938386
2023-04-01 15:32:26,-,-,-,0,0,0,0,0,0,0,1,-92.375,-9.375,-108.0,-22.4375,0,0,-95.14200000000001,-16.259,-95.2395,-15.261666666666665,0,0,0,13,0,0,0.009501370000000002,0.009762184804928136
2023-04-01 15:32:27,-,-,-,0,0,0,0,0,0,0,2,-91.55397727272727,-9.434659090909092,-101.875,-18.625,-106.5,-22.5625,-95.7395,-16.144500000000004,-96.27499999999999,-14.809833333333335,-100.58225,-18.34375,0,14,0,0,0.016704532,0.010164526748971192
2023-04-01 15:32:28,-,-,-,0,0,0,0,0,0,0,2,-92.98958333333333,-10.375,-102.13541666666667,-21.28125,-105.96875,-21.125,-97.16933333333334,-16.923166666666667,-98.36333333333333,-16.134,-100.76950000000001,-17.5215,0,11,0,0,0.012704341999999995,0.01026517382413088
2023-04-01 15:32:29,-,-,-,0,0,0,0,0,0,0,2,-94.51041666666667,-11.1875,-98.58333333333333,-17.010416666666668,-102.84375,-19.854166666666668,-98.80466666666666,-17.481666666666666,-99.70583333333336,-16.950333333333337,-101.16516666666666,-19.040499999999998,0,15,0,0,0.013106678000000002,0.010063002061855661
2023-04-01 15:32:30,-,-,-,0,0,0,0,0,0,0,2,-95.0,-11.84375,-96.90625,-14.5,-102.5,-19.5,-99.375,-17.970000000000002,-96.55983333333334,-15.845166666666666,-102.67333333333333,-19.173166666666663,0,9,0,0,0.009873727999999988,0.00977554786150713
2023-04-01 15:32:31,-,-,-,0,0,0,0,0,0,0,0,-95.0,-11.84375,0,0,0,0,-97.87633333333333,-17.3505,-96.47766666666666,-16.208333333333332,-97.59700000000001,-17.2046,0,22,0,0,0.009896657314629263,0.009794117154811717
2023-04-01 15:32:32,-,-,-,0,0,0,0,0,0,0,2,-95.60416666666667,-12.0625,-98.77083333333333,-13.479166666666666,-104.41666666666667,-18.958333333333332,-99.099,-17.264499999999998,-97.38416666666667,-16.274666666666665,-100.17833333333333,-17.8905,0,11,0,0,0.010458106000000005,0.009998746421267904
2023-04-01 15:32:33,-,-,-,0,0,0,0,0,0,0,2,-97.66071428571429,-13.223214285714286,-100.74107142857143,-15.223214285714286,-104.47321428571429,-19.5625,-98.60016666666667,-16.261833333333332,-98.68900000000001,-16.4465,-100.6705,-18.4075,1,15,73,0,0.03724968336673347,0.009605839175257728
2023-04-01 15:32:34,-,-,-,0,0,0,0,0,0,0,1,-93.5,-11.7,-100.4875,-16.175,0,0,-95.875,-13.705499999999999,-99.99024999999999,-18.27925,-105.62133333333333,-21.183500000000002,0,11,0,0,0.014274696000000003,0.009547654396728021
2023-04-01 15:32:35,-,-,-,0,0,0,0,0,0,0,1,-92.45,-10.9,-96.175,-14.7,0,0,-95.52228571428573,-14.713142857142856,-95.7385,-15.945,-100.18185714285713,-19.275714285714287,0,13,0,0,0.012614447999999999,0.010020318275154
2023-04-01 15:32:36,-,-,-,0,0,0,0,0,0,0,2,-92.078125,-10.828125,-95.21875,-13.53125,-105.0625,-20.890625,-94.39966666666665,-15.247500000000002,-93.58316666666667,-16.297,-93.76433333333334,-16.304666666666666,0,15,0,0,0.012103523999999985,0.010078342268041239
2023-04-01 15:32:37,-,-,-,0,0,0,0,0,0,0,2,-90.5625,-10.875,-95.625,-12.8125,-100.375,-19.5,-87.57150000000001,-14.232999999999999,-88.4335,-15.382833333333336,-88.48583333333335,-15.366999999999999,0,13,0,0,0.010829771999999994,0.00983262833675564
2023-04-01 15:32:38,-,-,-,0,0,0,0,0,0,0,2,-90.025,-11.4125,-90.7875,-13.275,-97.575,-17.3375,-98.48683333333332,-16.649833333333333,-95.96883333333334,-14.818833333333332,-98.45683333333334,-16.491,1,13,85,0,0.04349033466933867,0.01017010266940452
2023-04-01 15:32:39,-,-,-,0,1,0,0,0,0,0,3,-89.1625,-12.1125,-85.85416666666667,-10.5,-91.40625,-13.625,-98.21466666666667,-18.4335,-93.72533333333335,-13.601500000000001,-97.5312,-18.798399999999997,0,12,16,3,0.019881708000000012,0.015912473360655724
2023-04-01 15:32:40,-,-,-,0,0,0,0,1,0,0,2,-81.52083333333333,-8.625,-87.8125,-16.0625,-91.27083333333333,-16.166666666666668,-86.14171428571429,-13.148285714285715,-90.867,-13.305,-95.596,-19.250333333333334,0,16,0,0,0.010900457999999988,0.013345851239669427
2023-04-01 15:32:41,-,-,-,0,0,0,0,0,0,0,2,-80.9375,-8.1875,-90.25,-17.75,-90.9375,-17.375,-83.16516666666666,-11.912833333333332,-84.336,-11.633,-88.26433333333334,-16.9285,0,20,0,0,0.009326579999999998,0.01082223958333333
2023-04-01 15:32:42,-,-,-,0,0,0,0,0,0,0,0,-80.9375,-8.1875,0,0,0,0,-94.43366666666667,-16.0795,-87.22016666666667,-12.216166666666666,0,0,0,13,0,0,0.010863522000000002,0.011416131416837784
2023-04-01 15:32:43,-,-,-,0,1,0,0,1,0,0,3,-91.375,-10.901785714285714,-91.22916666666667,-11.1875,-99.5625,-16.375,-113.61966666666667,-24.60683333333333,-88.94016666666666,-11.691333333333333,0,0,1,17,54,14,0.029968695390781584,0.02579204761904761
2023-04-01 15:32:44,-,-,-,0,0,0,0,0,0,0,2,-79.75,-7.833333333333333,-100.02083333333333,-20.020833333333332,-104.75,-22.625,-83.22885714285714,-10.974285714285715,-128.453,-31.117,0,0,0,7,0,53,0.01038227600000001,0.03161134279918861
2023-04-01 15:32:45,-,-,-,0,0,0,0,0,0,0,1,-81.125,-7.1875,-101.125,-23.625,0,0,-86.55083333333334,-11.075666666666669,0,0,0,0,0,17,0,0,0.010109018000000006,0.007667258799171851
2023-04-01 15:32:46,-,-,-,0,0,0,0,0,0,0,2,-76.9375,-7.1875,-95.5,-21.4375,-97.375,-23.4375,-86.67966666666666,-11.2305,0,0,0,0,0,15,0,0,0.00911487,0.007122626804123707
2023-04-01 15:32:47,-,-,-,0,0,0,0,0,0,0,2,-81.5625,-7.5,-98.3125,-23.125,-98.75,-22.8125,-85.85683333333334,-11.054833333333335,0,0,0,0,0,18,0,0,0.009098432000000005,0.006736958506224072
2023-04-01 15:32:48,-,-,-,0,0,0,0,0,0,0,0,-81.5625,-7.5,0,0,0,0,-80.79242857142857,-10.687428571428569,0,0,0,0,0,19,0,0,0.009060243999999992,0.0069479916839916755
2023-04-01 15:32:49,-,-,-,0,0,0,0,0,0,0,3,-70.40625,-7.59375,-96.96875,-28.6875,-98.71875,-29.8125,-76.22533333333334,-10.595333333333334,0,0,0,0,0,11,0,0,0.009189330000000006,0.007321893660531695
2023-04-01 15:32:50,-,-,-,0,0,0,0,0,0,0,2,-55.9375,-6.625,-82.4375,-30.0,-83.625,-30.0,-68.98033333333332,-10.594,0,0,0,0,0,15,0,0,0.010447495999999988,0.008622051652892563
2023-04-01 15:32:51,-,-,-,0,0,0,0,0,0,0,2,-53.75,-7.25,-81.625,-30.0,-83.0,-30.0,-69.05866666666667,-10.735666666666667,-79.625,-15.335999999999999,-84.043,-18.4685,0,22,0,0,0.009598707999999994,0.006902081589958152
2023-04-01 15:32:52,-,-,-,0,0,0,0,0,0,0,0,-53.75,-7.25,0,0,0,0,-71.90185714285714,-11.318,-90.86124999999998,-21.558500000000002,-103.44314285714286,-22.19971428571429,0,16,0,0,0.010349943999999984,0.007387074380165292
2023-04-01 15:32:53,-,-,-,0,0,0,0,0,0,0,2,-55.0625,-6.8125,-80.6875,-30.0,-81.25,-30.0,-64.54700000000001,-10.649833333333333,-127.2704,-34.4094,0,0,0,16,0,0,0.008835872000000002,0.007611212809917353
2023-04-01 15:32:54,-,-,-,0,0,0,0,0,0,0,2,-65.6875,-7.0625,-79.875,-18.4375,-88.3125,-27.9375,-62.986,-10.608333333333334,-72.6626,-19.0624,0,0,0,17,0,0,0.008964363999999997,0.00641973498964804
2023-04-01 15:32:55,-,-,-,0,0,0,0,0,0,0,2,-70.25,-8.125,-73.625,-7.9375,-92.25,-29.0625,-62.7175,-11.008000000000001,-69.2435,-16.6785,0,0,0,13,0,0,0.009537500000000003,0.006771381930184807
2023-04-01 15:32:56,-,-,-,0,1,0,0,0,0,0,4,-74.0,-8.6875,-72.8125,-7.6875,-78.5,-11.6875,-68.89049999999999,-12.747333333333332,-69.04033333333332,-13.527333333333331,-105.88674999999998,-23.256,0,12,0,0,0.015132400000000002,0.011383301229508197
2023-04-01 15:32:57,-,-,-,0,0,0,0,1,0,0,3,-69.525,-8.725,-81.95,-15.475,-85.7125,-20.3125,-71.153,-13.386285714285716,-67.96074999999999,-11.69125,-75.12266666666666,-16.830666666666666,0,18,0,0,0.010054586000000003,0.009606280082987546
2023-04-01 15:32:58,-,-,-,0,0,0,0,0,0,0,0,-69.525,-8.725,0,0,0,0,-67.0975,-10.888166666666665,-75.23049999999999,-18.453166666666668,0,0,0,11,0,0,0.010647896000000007,0.007987638036809817
2023-04-01 15:32:59,-,-,-,0,0,0,0,0,0,0,2,-63.625,-9.4375,-82.5625,-21.1875,-83.125,-17.1875,-66.14983333333335,-10.908833333333334,-74.77616666666667,-19.096500000000002,-115.55083333333334,-25.321666666666662,0,15,0,0,0.009674036000000009,0.00775369484536082
2023-04-01 15:33:00,-,-,-,0,0,0,0,0,0,0,2,-66.25,-7.9375,-76.4375,-17.9375,-77.8125,-21.6875,-64.78814285714284,-10.757857142857143,-73.273,-20.43,-92.7034,-22.270400000000002,0,18,0,0,0.010331767999999998,0.007862692946058094
2023-04-01 15:33:01,-,-,-,0,0,0,0,0,0,0,2,-63.3125,-7.8125,-71.5,-19.9375,-72.6875,-21.6875,-67.58333333333333,-11.028666666666666,-98.23625,-22.631,0,0,0,17,0,0,0.010636508000000008,0.007608989648033126
2023-04-01 15:33:02,-,-,-,0,0,0,0,0,0,0,2,-71.34375,-6.90625,-76.75,-19.46875,-78.96875,-20.34375,-68.93233333333333,-10.873666666666667,0,0,0,0,0,9,0,0,0.010716852000000002,0.007129448065173124
2023-04-01 15:33:03,-,-,-,0,0,0,0,0,0,0,0,-71.34375,-6.90625,0,0,0,0,-69.62766666666666,-10.738333333333335,-82.1984,-19.514,0,0,0,16,0,0,0.010607060000000003,0.007399708677685958
2023-04-01 15:33:04,-,-,-,0,0,0,0,0,0,0,2,-71.4375,-6.375,-81.875,-20.6875,-82.0,-19.8125,-69.39983333333333,-10.638166666666669,-91.86950000000002,-23.18575,0,0,0,13,0,0,0.010741504000000011,0.00740756878850103
2023-04-01 15:33:05,-,-,-,0,0,0,0,0,0,0,2,-71.8125,-6.3125,-79.8125,-20.5625,-80.125,-20.9375,-69.85714285714285,-10.701999999999998,0,0,0,0,0,9,0,0,0.010891927999999999,0.007405321792260694
2023-04-01 15:33:06,-,-,-,0,0,0,0,0,0,0,2,-69.78125,-6.5,-74.25,-18.9375,-74.625,-19.21875,-69.99083333333333,-10.763166666666665,-92.0235,-23.0,-93.336,-21.469,0,20,0,0,0.011004648000000002,0.007246439583333338
2023-04-01 15:33:07,-,-,-,0,0,0,0,0,0,0,2,-73.6875,-6.6875,-79.5,-18.5625,-80.0,-18.0,-70.7565,-10.850333333333332,-105.03133333333335,-26.19133333333333,-121.9045,-30.421999999999997,0,13,0,0,0.010791715999999995,0.007090505133470232
2023-04-01 15:33:08,-,-,-,0,0,0,0,0,0,0,0,-73.6875,-6.6875,0,0,0,0,-70.58183333333334,-10.971499999999999,-104.86200000000001,-27.542833333333334,0,0,0,13,0,0,0.010695215999999995,0.00769508624229979
2023-04-01 15:33:09,-,-,-,0,0,0,0,0,0,0,2,-71.625,-10.0625,-81.4375,-20.0,-82.1875,-20.5625,-70.5025,-10.932333333333332,-91.1145,-24.727666666666668,0,0,0,13,0,0,0.01047008799999999,0.006945618069815193
2023-04-01 15:33:10,-,-,-,0,0,0,0,0,0,0,2,-70.125,-7.78125,-81.875,-21.59375,-82.84375,-19.9375,-71.27571428571427,-10.876142857142856,-95.50457142857142,-24.36171428571428,0,0,0,13,0,0,0.010420704000000005,0.006746934291581115
2023-04-01 15:33:11,-,-,-,0,0,0,0,0,0,0,2,-68.5625,-9.0625,-75.5625,-18.9375,-76.9375,-20.8125,-69.07033333333332,-10.612166666666667,-106.17716666666666,-25.89333333333333,0,0,0,17,0,0,0.010224653999999998,0.007280759834368531
2023-04-01 15:33:12,-,-,-,0,0,0,0,0,0,0,0,-68.5625,-9.0625,0,0,0,0,-69.95566666666667,-10.673333333333332,-83.87325000000001,-20.02925,0,0,0,23,0,0,0.010110205999999997,0.007701253668763107
2023-04-01 15:33:13,-,-,-,0,0,0,0,0,0,0,2,-68.0625,-7.5625,-76.625,-20.5,-77.875,-19.3125,-71.07816666666668,-10.871166666666667,-88.71083333333333,-20.963333333333335,0,0,0,19,0,0,0.010335302000000003,0.007516871101871097
2023-04-01 15:33:14,-,-,-,0,0,0,0,0,0,0,2,-66.8125,-6.875,-74.34375,-20.5,-77.15625,-20.84375,-69.51899999999999,-11.05457142857143,-89.31585714285714,-21.548000000000002,0,0,0,15,0,0,0.01020890781563126,0.0072793360824742305
2023-04-01 15:33:15,-,-,-,0,0,0,0,0,0,0,1,-67.5,-6.5,-75.25,-21.25,0,0,-68.0575,-10.898333333333333,-96.91166666666668,-24.89833333333333,0,0,0,11,0,0,0.009928102,0.007375862985685074
2023-04-01 15:33:16,-,-,-,0,0,0,0,0,0,0,1,-70.0,-6.5,-75.125,-19.75,0,0,-66.94666666666667,-10.770999999999999,-103.50249999999998,-26.800666666666668,0,0,0,11,0,0,0.010075207999999995,0.007943073619631903
2023-04-01 15:33:17,-,-,-,0,0,0,0,0,0,0,0,-70.0,-6.5,0,0,0,0,-65.944,-10.622333333333332,-76.4675,-20.673166666666663,0,0,0,13,0,0,0.009908048000000004,0.008258457905544145
2023-04-01 15:33:18,-,-,-,0,0,0,0,0,0,0,1,-67.46875,-7.4375,-75.9375,-20.96875,0,0,-68.52785714285714,-11.24457142857143,-80.29014285714287,-19.983285714285717,0,0,0,15,0,0,0.010009233999999994,0.007262967010309282
2023-04-01 15:33:19,-,-,-,0,0,0,0,0,0,0,1,-69.0625,-6.5,-76.5,-20.5,0,0,-69.28383333333333,-11.204333333333333,-75.44666666666667,-18.042999999999996,0,0,0,11,0,0,0.009885026000000003,0.0071741063394682985
2023-04-01 15:33:20,-,-,-,0,0,0,0,0,0,0,1,-67.625,-7.5625,-71.0,-18.0625,0,0,-67.67183333333334,-11.032499999999999,-89.13033333333333,-24.96366666666667,-91.642,-21.2955,0,9,0,0,0.009864189999999998,0.007601953156822808
2023-04-01 15:33:21,-,-,-,0,0,0,0,0,0,0,0,-67.625,-7.5625,0,0,0,0,-67.28899999999999,-11.093499999999999,-81.06516666666666,-21.045666666666666,-93.78016666666667,-24.4465,0,8,0,0,0.009972758,0.008018569105691056
2023-04-01 15:33:22,-,-,-,0,0,0,0,0,0,0,1,-67.59375,-7.09375,-74.3125,-19.625,0,0,-64.28133333333334,-10.708333333333334,-109.79033333333335,-29.073166666666665,-134.11079999999998,-35.556400000000004,0,15,0,0,0.009930297999999995,0.008601218556701025
2023-04-01 15:33:23,-,-,-,0,0,0,0,0,0,0,1,-67.3125,-6.5625,-74.5,-18.6875,0,0,-64.41714285714286,-10.623999999999999,-78.05457142857142,-23.88942857142857,0,0,0,18,0,0,0.00975848600000001,0.009174952282157681
2023-04-01 15:33:24,-,-,-,0,0,0,0,0,0,0,1,-66.9375,-6.375,-74.875,-18.75,0,0,-63.480500000000006,-10.609666666666667,-98.50633333333333,-26.559833333333334,0,0,0,20,0,0,0.009785116000000003,0.00888283541666666
2023-04-01 15:33:25,-,-,-,0,0,0,0,0,0,0,1,-66.875,-7.03125,-73.6875,-19.28125,0,0,-63.959666666666664,-10.726666666666667,-117.82933333333334,-32.47,0,0,0,11,0,0,0.009777945999999997,0.007505202453987727
2023-04-01 15:33:26,-,-,-,0,0,0,0,0,0,0,0,-66.875,-7.03125,0,0,0,0,-63.877500000000005,-10.656333333333333,-112.29183333333333,-32.235499999999995,0,0,0,17,0,0,0.009812421999999989,0.008030461697722566
2023-04-01 15:33:27,-,-,-,0,0,0,0,0,0,0,1,-67.125,-6.4375,-73.3125,-19.625,0,0,-63.562571428571424,-10.699857142857143,-84.74571428571427,-26.347285714285714,0,0,0,6,0,0,0.009597572000000009,0.007716593117408906
2023-04-01 15:33:28,-,-,-,0,0,0,0,0,0,0,1,-66.9375,-6.375,-73.6875,-19.9375,0,0,-65.92683333333332,-10.699333333333334,-72.7825,-19.858166666666666,0,0,0,13,0,0,0.00972036,0.008114930184804931
2023-04-01 15:33:29,-,-,-,0,0,0,0,0,0,0,1,-68.78125,-6.6875,-76.3125,-18.09375,0,0,-67.41016666666665,-10.722666666666667,-83.90233333333333,-20.94516666666667,-114.71750000000002,-28.24866666666667,0,9,0,0,0.009614809999999996,0.00696572097759674
2023-04-01 15:33:30,-,-,-,0,0,0,0,0,0,0,1,-67.125,-6.375,-74.3125,-19.4375,0,0,-65.32799999999999,-10.637,-87.116,-24.033666666666665,-122.938,-33.391,0,15,0,0,0.009725525999999996,0.007770461855670101
2023-04-01 15:33:31,-,-,-,0,0,0,0,0,0,0,0,-67.125,-6.375,0,0,0,0,-67.23657142857144,-10.731142857142856,-102.41642857142858,-24.726428571428567,0,0,0,11,0,0,0.009682786000000002,0.006683680981595098
2023-04-01 15:33:32,-,-,-,0,0,0,0,0,0,0,1,-67.8125,-6.208333333333333,-74.3125,-19.4375,0,0,-68.987,-10.603166666666668,-128.4896666666667,-34.55316666666666,0,0,0,12,0,0,0.009569483999999996,0.007201956967213112
2023-04-01 15:33:33,-,-,-,0,0,0,0,0,0,0,1,-68.0625,-6.34375,-75.5,-19.34375,0,0,-70.43616666666667,-10.633000000000001,-95.11083333333333,-28.136833333333332,0,0,0,8,0,0,0.009870083999999994,0.006690366598777999
2023-04-01 15:33:34,-,-,-,0,0,0,0,0,0,0,1,-68.9375,-6.3125,-75.4375,-19.6875,0,0,-69.17216666666668,-10.597833333333334,-137.77349999999998,-36.35016666666667,0,0,0,13,0,0,0.009682779999999998,0.006780045174537985
2023-04-01 15:33:35,-,-,-,0,0,0,0,0,0,0,0,-68.9375,-6.3125,0,0,0,0,-69.54357142857143,-10.662999999999998,-129.76328571428573,-37.22971428571429,0,0,0,20,0,0,0.009694493999999994,0.006884162499999997
2023-04-01 15:33:36,-,-,-,0,0,0,0,0,0,0,1,-68.625,-6.1875,-76.8125,-20.0,0,0,-68.49366666666667,-10.692833333333335,-117.26833333333336,-33.28516666666667,0,0,0,10,0,0,0.00980211600000001,0.007681826530612245
2023-04-01 15:33:37,-,-,-,0,0,0,0,0,0,0,1,-69.72916666666667,-7.395833333333333,-79.97916666666667,-20.5625,0,0,-71.41133333333333,-10.893333333333333,-97.41916666666664,-28.276166666666665,0,0,0,13,0,0,0.009929122000000004,0.0074270965092402465
2023-04-01 15:33:38,-,-,-,0,0,0,0,0,0,0,1,-73.8125,-6.5,-89.875,-16.5625,0,0,-69.52733333333333,-10.800833333333335,-98.134,-23.878833333333336,0,0,0,12,0,0,0.009939415999999998,0.007157592213114745
2023-04-01 15:33:39,-,-,-,0,0,0,0,0,0,0,0,-73.8125,-6.5,0,0,0,0,-71.12071428571429,-10.80585714285714,-110.83042857142857,-27.866000000000003,0,0,0,22,0,0,0.009883871999999997,0.007156221757322179
2023-04-01 15:33:40,-,-,-,0,0,0,0,0,0,0,1,-78.54166666666667,-6.708333333333333,-89.16666666666667,-15.833333333333334,0,0,-73.31366666666666,-10.932166666666667,-124.141,-32.281,0,0,0,11,0,0,0.010222499999999995,0.00671229447852761
2023-04-01 15:33:41,-,-,-,0,0,0,0,0,0,0,1,-77.3125,-7.0,-90.0625,-16.625,0,0,-73.05449999999999,-11.126333333333335,-87.011,-17.9234,-109.30019999999999,-24.6766,0,13,0,0,0.009958584000000005,0.007532876796714576
2023-04-01 15:33:42,-,-,-,0,0,0,0,0,0,0,1,-73.625,-6.6875,-80.5,-19.3125,0,0,-74.21900000000001,-11.546833333333332,-83.526,-17.274666666666665,-116.898,-28.688,0,12,0,0,0.010585981999999996,0.008882784836065577
2023-04-01 15:33:43,-,-,-,0,0,0,0,0,0,0,1,-72.875,-6.625,-80.5,-19.3125,0,0,-74.79471428571428,-11.945285714285715,-80.43971428571429,-16.954428571428572,0,0,0,11,0,0,0.010768409999999994,0.008684658486707563
2023-04-01 15:33:44,-,-,-,0,0,0,0,0,0,0,1,-74.6875,-6.65625,-83.1875,-18.9375,0,0,-74.64066666666666,-11.556166666666668,-80.353,-16.320333333333334,0,0,0,10,0,0,0.010597394000000007,0.008266330612244901
2023-04-01 15:33:45,-,-,-,0,0,0,0,0,0,0,1,-73.75,-7.0,-80.5625,-13.1875,0,0,-71.86200000000001,-11.450333333333335,-77.45833333333333,-16.003999999999998,0,0,0,20,0,0,0.010985360000000001,0.007667825000000001
2023-04-01 15:33:46,-,-,-,0,0,0,0,0,0,0,1,-73.625,-6.75,-78.5,-17.375,0,0,-70.85416666666666,-11.148666666666665,-86.89983333333332,-18.283833333333334,0,0,0,10,0,0,0.01077921000000001,0.007376651020408169
2023-04-01 15:33:47,-,-,-,0,0,0,0,0,0,0,1,-74.84375,-7.3125,-78.5,-17.375,0,0,-67.91933333333334,-10.725166666666667,-91.66399999999999,-20.362,0,0,0,11,0,0,0.01055434600000001,0.008059429447852763
2023-04-01 15:33:48,-,-,-,0,0,0,0,0,0,0,1,-75.34375,-7.4375,-86.0,-18.0625,0,0,-72.435,-11.024499999999998,-89.10016666666667,-18.955666666666666,0,0,0,16,0,0,0.010694219999999994,0.008096756198347106
2023-04-01 15:33:49,-,-,-,0,0,0,0,0,0,0,0,-75.34375,-7.4375,0,0,0,0,-74.06928571428571,-11.450999999999999,-83.04785714285713,-17.88485714285714,-94.92433333333334,-19.567666666666668,0,5,0,0,0.010735180000000004,0.00868683030303032
2023-04-01 15:33:50,-,-,-,0,0,0,0,0,0,0,1,-79.625,-7.3125,-84.0,-18.25,0,0,-77.76416666666667,-12.319,-80.5235,-16.3515,-83.76050000000001,-18.987,0,23,0,0,0.010265549999999998,0.009402836477987429
2023-04-01 15:33:51,-,-,-,0,0,0,0,1,0,0,1,-79.90625,-8.65625,-85.78125,-14.21875,0,0,-82.096,-15.080428571428572,-78.08200000000001,-14.298000000000002,-78.49671428571428,-14.54442857142857,0,11,0,0,0.010179157999999997,0.008498728016359916
2023-04-01 15:33:52,-,-,-,0,0,0,0,0,0,0,2,-80.875,-9.40625,-78.6875,-9.28125,-86.09375,-15.34375,-71.21883333333334,-11.910000000000002,-78.98966666666666,-16.461000000000002,-88.56099999999999,-19.0755,0,14,0,0,0.010184550000000002,0.0093409403292181
2023-04-01 15:33:53,-,-,-,0,1,0,0,0,0,0,3,-74.90625,-9.203125,-72.3125,-8.1875,-82.58333333333333,-15.0,-67.79785714285715,-10.948714285714285,-89.0935,-22.0545,-111.01771428571429,-25.691142857142857,0,14,5,0,0.015695810000000015,0.010159018518518512
2023-04-01 15:33:54,-,-,-,0,0,0,0,0,0,0,2,-73.6875,-5.53125,-83.28125,-16.34375,-86.96875,-21.15625,-63.98166666666666,-10.606666666666667,-137.63816666666665,-37.06633333333334,0,0,0,11,0,0,0.010207210000000001,0.00789842331288344
2023-04-01 15:33:55,-,-,-,0,0,0,0,0,0,0,2,-68.125,-4.875,-83.6875,-17.6875,-85.25,-19.375,-59.540333333333336,-10.550833333333332,-73.508,-21.008,-120.91666666666667,-34.25233333333333,0,12,0,0,0.010859746,0.007886336065573768
2023-04-01 15:33:56,-,-,-,0,0,0,0,0,0,0,3,-67.5,-3.625,-81.8125,-21.0,-82.0625,-20.6875,-59.35433333333334,-10.546999999999999,-115.76033333333334,-28.820333333333334,-130.33183333333332,-35.845166666666664,0,11,0,0,0.010890754000000002,0.006998865030674845
2023-04-01 15:33:57,-,-,-,0,0,0,0,0,0,0,0,-67.5,-3.625,0,0,0,0,-60.30042857142856,-10.589285714285714,-107.98442857142858,-29.395142857142854,-139.922,-38.945,0,22,0,0,0.009364028056112224,0.0071239058577405815
2023-04-01 15:33:58,-,-,-,0,0,0,0,0,0,0,3,-72.6875,-5.5,-75.0625,-11.9375,-83.8125,-19.5,-68.11066666666666,-12.334666666666665,-71.30850000000001,-19.40116666666667,0,0,0,13,0,0,0.009880970000000006,0.006243798767967148
2023-04-01 15:33:59,-,-,-,0,0,0,0,0,0,0,3,-81.975,-15.325,-65.9125,-9.1625,-76.6125,-19.0125,-77.22383333333333,-16.584666666666667,-65.51816666666667,-12.3775,0,0,0,16,0,0,0.010534108000000002,0.007686876033057861
2023-04-01 15:34:00,-,-,-,0,1,0,0,1,0,0,4,-71.5875,-9.2875,-67.75,-8.8125,-78.5,-18.875,-101.65999999999998,-25.086,-61.4514,-10.804799999999998,-122.07,-32.695,0,16,0,0,0.01906064200000001,0.012534404958677694
2023-04-01 15:34:01,-,-,-,0,0,0,0,0,0,0,1,-68.25,-6.625,-78.4375,-20.0,0,0,-60.74214285714286,-10.595142857142857,0,0,0,0,0,15,0,0,0.009965807999999998,0.00965224536082473
2023-04-01 15:34:02,-,-,-,0,0,0,0,0,0,0,1,-68.5,-6.28125,-85.46875,-21.25,0,0,-64.28766666666667,-10.594,0,0,0,0,0,11,0,0,0.009971078000000001,0.007053721881390593
2023-04-01 15:34:03,-,-,-,0,0,0,0,0,0,0,1,-76.375,-6.6875,-95.5625,-23.75,0,0,-68.01683333333334,-10.594,0,0,0,0,0,17,0,0,0.009965216000000004,0.005976592132505175
2023-04-01 15:34:04,-,-,-,0,0,0,0,0,0,0,0,-76.375,-6.6875,0,0,0,0,-66.61566666666666,-10.594,0,0,0,0,0,23,0,0,0.009973538000000006,0.006953647798742139
2023-04-01 15:34:05,-,-,-,0,0,0,0,0,0,0,1,-72.4375,-6.75,-92.125,-21.9375,0,0,-68.2645,-10.594,0,0,0,0,0,9,0,0,0.010166193999999996,0.00815579226069247
2023-04-01 15:34:06,-,-,-,0,0,0,0,0,0,0,2,-74.125,-6.9375,-86.9375,-22.125,-87.0625,-21.5625,-68.78457142857143,-10.594,0,0,0,0,0,13,0,0,0.010379563999999996,0.007932156057494866
2023-04-01 15:34:07,-,-,-,0,0,0,0,0,0,0,2,-81.8125,-6.6875,-90.125,-17.125,-97.5625,-23.1875,-71.67183333333334,-10.594,0,0,0,0,0,19,0,0,0.010001033999999995,0.0072160727650727625
2023-04-01 15:34:08,-,-,-,0,0,0,0,0,0,0,2,-83.125,-7.0625,-96.5625,-21.1875,-97.625,-23.5625,-80.06266666666666,-10.644499999999999,0,0,0,0,0,17,0,0,0.010138662000000001,0.007240018633540372
2023-04-01 15:34:09,-,-,-,0,0,0,0,0,0,0,2,-86.0625,-7.65625,-93.125,-16.03125,-99.375,-21.75,-83.52983333333333,-10.882833333333332,-102.88533333333334,-21.182333333333336,0,0,0,11,0,0,0.009726531999999994,0.007175865030674852
2023-04-01 15:34:10,-,-,-,0,0,0,0,0,0,0,0,-86.0625,-7.65625,0,0,0,0,-82.13499999999999,-10.857142857142858,-94.8326,-21.659399999999998,0,0,0,17,0,0,0.010237829999999996,0.008409248447204965
2023-04-01 15:34:11,-,-,-,0,0,0,0,0,0,0,2,-88.9375,-8.875,-97.625,-16.1875,-103.25,-21.125,-84.25766666666667,-10.888166666666665,0,0,0,0,0,11,0,0,0.010287918,0.008502032719836393
2023-04-01 15:34:12,-,-,-,0,0,0,0,0,0,0,2,-92.625,-9.9375,-94.375,-14.8125,-103.875,-23.5625,-85.39066666666666,-11.303333333333335,-94.97916666666667,-18.515666666666668,-104.551,-19.363,0,13,0,0,0.010527458000000017,0.008568901437371658
2023-04-01 15:34:13,-,-,-,0,0,0,0,0,0,0,4,-94.91666666666667,-12.9375,-92.41666666666667,-13.25,-99.6875,-17.5,-90.82549999999999,-12.735666666666667,-96.93233333333335,-17.409000000000002,-118.94059999999999,-26.706399999999995,0,6,0,0,0.010020035999999996,0.00906108299595142
2023-04-01 15:34:14,-,-,-,0,1,0,0,0,0,0,3,-100.52083333333333,-17.583333333333332,-91.25,-12.0,-98.5625,-18.166666666666668,-93.64385714285713,-14.267,-97.25085714285714,-15.919714285714287,-97.52525,-17.246000000000002,0,17,0,0,0.009783641999999995,0.009047356107660465
2023-04-01 15:34:15,-,-,-,0,0,0,0,0,0,0,4,-90.0875,-11.2375,-97.5,-18.1875,-98.0125,-18.6625,-96.2355,-15.639333333333333,-93.758,-15.710833333333333,-100.7674,-18.478199999999998,0,13,39,0,0.024082272000000047,0.01372673251028806
2023-04-01 15:34:16,-,-,-,0,0,0,0,0,0,0,3,-92.921875,-11.921875,-95.8359375,-16.6328125,-96.125,-17.875,-98.08466666666668,-16.308666666666667,-97.8005,-17.192666666666668,-103.24616666666668,-19.596166666666665,0,12,0,0,0.010560697999999995,0.00909030737704918
2023-04-01 15:34:17,-,-,-,0,0,0,0,0,0,0,4,-96.95454545454545,-14.096590909090908,-96.60795454545455,-15.517045454545455,-99.31818181818181,-18.761363636363637,-100.07300000000002,-17.034166666666664,-100.367,-18.375,-101.27350000000001,-18.320333333333334,0,9,0,0,0.009702152,0.009403103869653777
2023-04-01 15:34:18,-,-,-,0,1,0,0,0,0,0,6,-96.46875,-14.708333333333334,-92.375,-14.145833333333334,-97.64583333333333,-17.53125,-100.895,-18.146285714285714,-98.26114285714284,-17.556857142857147,-101.17528571428572,-19.05142857142857,0,12,25,0,0.02023733199999999,0.014220323770491799
2023-04-01 15:34:19,-,-,-,0,0,0,0,1,0,0,3,-89.3125,-11.895833333333334,-94.16666666666667,-17.416666666666668,-96.79166666666667,-19.333333333333332,-100.35614285714284,-18.645999999999997,-96.1688,-15.801400000000001,-98.40085714285713,-16.958714285714287,0,8,0,0,0.010968750000000003,0.011103646341463417
2023-04-01 15:34:20,-,-,-,0,0,0,0,0,0,0,0,-89.3125,-11.895833333333334,0,0,0,0,-96.63683333333334,-17.093999999999998,-95.4165,-15.428166666666664,-98.5,-16.117,0,12,0,0,0.009812129999999992,0.009576309426229513
2023-04-01 15:34:21,-,-,-,0,0,0,0,0,0,0,3,-85.40625,-10.8125,-94.15625,-19.109375,-95.9375,-19.984375,-93.03000000000002,-16.02866666666667,-92.98316666666666,-16.52733333333333,-94.27600000000001,-16.301999999999996,0,15,0,0,0.01475771800000002,0.007727740206185564
2023-04-01 15:34:22,-,-,-,0,0,0,0,0,0,0,0,-85.40625,-10.8125,0,0,0,0,-91.76433333333334,-14.619833333333334,-94.6445,-16.239833333333333,-97.0,-16.5,0,15,0,0,0.010791359999999995,0.0073429195876288655
2023-04-01 15:34:23,-,-,-,0,0,0,0,0,0,0,1,-79.25,-7.4375,-88.8125,-21.5625,0,0,-94.78114285714285,-15.750142857142857,-97.32585714285715,-17.238857142857142,-97.7702,-18.4798,0,16,0,0,0.011528265999999997,0.006883780991735535
2023-04-01 15:34:24,-,-,-,0,0,0,0,0,0,0,1,-78.875,-7.0625,-85.3125,-20.0,0,0,-90.26166666666666,-14.0835,-96.95875000000001,-18.92375,-100.6516,-17.932799999999997,0,11,0,0,0.011274109999999999,0.0070821492842535775
2023-04-01 15:34:25,-,-,-,0,0,0,0,0,0,0,1,-82.4375,-7.75,-92.0,-21.25,0,0,-92.11716666666666,-14.088499999999998,-94.562,-17.5,-105.98166666666668,-22.997333333333334,0,11,0,0,0.010217340000000002,0.006784527607361958
2023-04-01 15:34:26,-,-,-,0,0,0,0,0,0,0,2,-82.9375,-7.25,-89.9375,-19.9375,-91.375,-20.5,-90.789,-14.435,-94.00016666666666,-17.263166666666667,-94.5195,-15.887,0,13,0,0,0.010024357999999997,0.0067900554414784394
2023-04-01 15:34:27,-,-,-,0,0,0,0,0,0,0,2,-80.0,-8.875,-86.6875,-19.375,-87.6875,-20.3125,-89.20771428571427,-13.826999999999998,-94.51533333333333,-18.99233333333333,-95.2828,-17.325000000000003,0,15,0,0,0.010250839999999994,0.0071929711340206195
2023-04-01 15:34:28,-,-,-,0,0,0,0,0,0,0,2,-87.09375,-9.25,-91.25,-16.25,-92.53125,-20.25,-90.20683333333334,-14.071666666666667,-93.281,-19.091333333333335,-97.75319999999999,-20.5312,0,10,0,0,0.009817895999999991,0.007090412244897961
2023-04-01 15:34:29,-,-,-,0,0,0,0,0,0,0,0,-87.09375,-9.25,0,0,0,0,-89.90483333333334,-16.026,-87.70566666666666,-14.515666666666666,-90.25399999999998,-17.045666666666666,0,19,0,0,0.010676574000000012,0.007039224532224532
2023-04-01 15:34:30,-,-,-,0,1,0,0,0,0,0,4,-80.71875,-12.640625,-76.34375,-12.90625,-84.15625,-19.28125,-86.62883333333333,-17.841166666666666,-80.25283333333333,-15.908666666666669,-85.619,-16.058500000000002,0,18,0,0,0.015203173999999996,0.011323697095435679
2023-04-01 15:34:31,-,-,-,0,0,0,0,1,0,0,4,-76.9375,-9.765625,-83.921875,-14.265625,-87.875,-18.953125,-79.798,-14.159714285714285,-76.6835,-12.59,-82.0174,-16.6626,0,11,0,0,0.011268888000000005,0.009861713701431494
2023-04-01 15:34:32,-,-,-,0,0,0,0,0,0,0,4,-78.25,-9.9375,-81.6875,-13.9375,-83.4375,-17.8125,-76.86066666666666,-12.326833333333333,-81.00533333333333,-15.667833333333334,-85.72516666666667,-19.6875,0,17,0,0,0.010176015999999996,0.00793926293995859
2023-04-01 15:34:33,-,-,-,0,0,0,0,1,0,0,3,-86.39583333333333,-12.0,-80.39583333333333,-10.958333333333334,-92.0,-21.583333333333332,-88.3492857142857,-16.868142857142853,-77.24233333333333,-12.546833333333334,-87.29875000000001,-20.5745,0,12,0,0,0.010684520000000006,0.006880874999999996
2023-04-01 15:34:34,-,-,-,0,1,0,0,0,0,0,5,-81.328125,-10.234375,-79.8125,-10.8125,-86.58333333333333,-13.3125,-75.26950000000001,-11.235666666666667,-103.27466666666665,-25.16016666666667,-128.289,-28.914,0,11,0,0,0.01580996200000001,0.013324728016359925
2023-04-01 15:34:35,-,-,-,0,0,0,0,0,0,0,4,-73.8125,-8.9375,-81.5625,-17.0625,-83.625,-20.875,-72.94033333333333,-11.1965,-92.9335,-24.43216666666667,0,0,0,19,0,0,0.010095765999999999,0.007523496881496882
2023-04-01 15:34:36,-,-,-,0,0,0,0,0,0,0,4,-76.0625,-10.25,-81.4375,-19.5,-81.625,-18.375,-69.70183333333333,-11.1965,-103.21883333333335,-24.376166666666666,0,0,0,11,0,0,0.010073584000000002,0.007775089979550102
2023-04-01 15:34:37,-,-,-,0,0,0,0,0,0,0,4,-72.0625,-11.0,-83.6875,-20.1875,-85.625,-19.4375,-68.63185714285714,-10.669714285714289,-127.49425,-27.7305,-136.987,-34.43233333333334,0,15,0,0,0.010275762000000004,0.008662905154639175
2023-04-01 15:34:38,-,-,-,0,0,0,0,0,0,0,0,-72.0625,-11.0,0,0,0,0,-73.20183333333333,-11.080666666666668,-80.91999999999999,-15.877,-98.37899999999999,-19.6055,0,10,0,0,0.009831396000000004,0.0074878775510204085
2023-04-01 15:34:39,-,-,-,0,0,0,0,0,0,0,4,-77.8125,-9.375,-80.25,-15.6875,-85.6875,-20.3125,-71.729,-10.887999999999998,-96.98833333333334,-22.676999999999996,-127.34633333333333,-29.638166666666667,0,12,0,0,0.009802447999999995,0.007147805327868859
2023-04-01 15:34:40,-,-,-,0,0,0,0,0,0,0,4,-68.0625,-8.6875,-76.5625,-19.125,-78.4375,-21.4375,-66.84133333333334,-10.617333333333333,-130.18349999999998,-34.602833333333336,-139.8945,-37.418,0,15,0,0,0.010431861723446897,0.0066029505154639135
2023-04-01 15:34:41,-,-,-,0,0,0,0,0,0,0,4,-75.84375,-7.875,-78.8125,-15.125,-81.3125,-19.03125,-74.06328571428571,-10.911714285714286,-72.082,-11.543,0,0,0,12,0,0,0.010296067999999995,0.006370717213114757
2023-04-01 15:34:42,-,-,-,0,1,0,0,0,0,0,5,-79.234375,-18.359375,-66.875,-11.541666666666666,-79.453125,-20.296875,-74.48683333333334,-12.966,-70.22133333333333,-12.277166666666666,0,0,1,19,43,0,0.02137490581162325,0.0068003950103950085
2023-04-01 15:34:43,-,-,-,0,0,0,0,1,0,0,3,-64.4375,-8.6,-81.2375,-22.675,-82.0,-23.25,-73.028,-12.732000000000001,-69.4435,-11.874749999999999,-80.58066666666667,-15.127666666666668,0,18,3,0,0.016366045999999995,0.0135366348547718
2023-04-01 15:34:44,-,-,-,0,0,0,0,0,0,0,0,-64.4375,-8.6,0,0,0,0,-77.578,-12.928166666666668,-86.02749999999999,-16.986833333333333,-86.34899999999999,-16.002666666666666,0,13,0,1,0.010872396,0.008324647597254004
2023-04-01 15:34:45,-,-,-,0,0,0,0,0,0,0,2,-85.4375,-10.25,-96.0,-22.25,-96.125,-22.3125,-92.91283333333335,-19.099166666666665,-88.46366666666667,-16.958499999999997,-88.67433333333334,-17.123833333333334,0,19,0,0,0.01125658999999999,0.00935203766478342
2023-04-01 15:34:46,-,-,-,0,0,0,0,1,0,0,5,-89.46875,-12.427083333333334,-91.9125,-16.3125,-94.2375,-16.8875,-93.77114285714285,-19.520142857142854,-87.221,-16.16742857142857,-88.81357142857142,-15.39614285714286,0,17,0,0,0.017986468,0.012234049689440989
2023-04-01 15:34:47,-,-,-,0,0,0,0,1,0,0,4,-89.175,-12.4,-89.4625,-14.2625,-94.675,-18.2625,-89.12366666666667,-15.317666666666668,-85.297,-13.953,-88.20433333333334,-17.611833333333337,7,22,188,0,0.11337623529411762,0.01874247489539751
2023-04-01 15:34:48,-,-,-,0,0,0,0,0,0,0,4,-87.125,-12.75,-83.6875,-10.9375,-93.0,-19.25,-80.65883333333333,-12.338499999999998,-93.09649999999999,-20.392,-97.9495,-19.922,0,16,0,0,0.010430052000000004,0.006975006198347107
2023-04-01 15:34:49,-,-,-,0,0,0,0,0,0,0,2,-84.9375,-12.4375,-89.3125,-16.375,-92.1875,-20.375,-76.42757142857144,-11.820428571428574,-104.98428571428572,-24.788999999999998,-108.13300000000001,-25.78925,0,14,0,0,0.010360064000000007,0.007661981481481476
2023-04-01 15:34:50,-,-,-,0,0,0,0,0,0,0,0,-84.9375,-12.4375,0,0,0,0,-76.03116666666666,-11.787833333333332,-79.953,-19.031,-119.94016666666666,-27.457166666666666,0,16,0,0,0.010513602000000002,0.008059111570247928
2023-04-01 15:34:51,-,-,-,0,0,0,0,0,0,0,2,-75.875,-9.9375,-83.9375,-15.4375,-86.0,-17.75,-75.49733333333334,-13.010333333333334,-73.09516666666667,-14.505166666666668,-138.781,-35.961,0,14,0,0,0.01034808799999999,0.007687767489711933
2023-04-01 15:34:52,-,-,-,0,0,0,0,0,0,0,2,-66.84375,-9.15625,-75.9375,-15.5,-76.46875,-16.5625,-73.8305,-13.483000000000002,-70.1355,-12.609166666666667,-83.008,-16.094,0,14,0,0,0.010545671999999997,0.007692059670781898
2023-04-01 15:34:53,-,-,-,0,0,0,0,1,0,0,2,-70.3125,-8.625,-79.72916666666667,-17.229166666666668,-81.79166666666667,-18.25,-70.01342857142858,-12.059142857142856,-65.168,-11.586,-79.5578,-16.3752,0,9,0,0,0.010939553999999995,0.010284097759674133
2023-04-01 15:34:54,-,-,-,0,0,0,0,0,0,0,0,-70.3125,-8.625,0,0,0,0,-66.3345,-10.848833333333332,-86.36183333333332,-20.17833333333333,0,0,0,22,0,0,0.009843867999999995,0.008037730125523015
2023-04-01 15:34:55,-,-,-,0,0,0,0,0,0,0,2,-69.0625,-9.5625,-77.875,-16.5625,-79.0625,-17.625,-69.587,-10.826000000000002,-82.02442857142857,-19.240999999999996,0,0,0,18,0,0,0.010406750000000001,0.008266580912863072
2023-04-01 15:34:56,-,-,-,0,0,0,0,0,0,0,2,-79.375,-9.8125,-88.75,-17.3125,-88.75,-17.5,-80.4205,-13.407333333333332,-76.95183333333333,-13.428333333333333,0,0,0,22,0,0,0.01355842200000001,0.009335575313807533
2023-04-01 15:34:57,-,-,-,0,0,0,0,0,0,0,3,-85.0,-10.6875,-89.75,-14.8125,-97.6875,-19.5625,-82.71216666666668,-15.597833333333334,-76.92983333333333,-11.612,0,0,0,14,0,0,0.011308564,0.008957654320987649
2023-04-01 15:34:58,-,-,-,0,0,0,0,1,0,0,4,-86.79166666666667,-9.9375,-91.9375,-15.5625,-93.84375,-17.15625,-81.37942857142858,-12.72557142857143,-77.031,-11.32,-84.62883333333333,-15.5755,1,20,0,0,0.011747535070140286,0.010872121085594986
2023-04-01 15:34:59,-,-,-,0,0,0,0,0,0,0,4,-83.875,-9.75,-88.0625,-12.875,-94.3125,-18.625,-84.26183333333333,-14.475333333333333,-83.599,-14.386666666666665,-89.311,-17.28,0,11,0,0,0.010255876000000002,0.007980331288343565
2023-04-01 15:35:00,-,-,-,0,0,0,0,0,0,0,5,-84.875,-10.75,-82.9375,-10.96875,-88.59375,-17.25,-85.82666666666667,-16.45566666666667,-77.4295,-12.508000000000001,-87.40225,-18.8635,0,16,0,0,0.010252253999999992,0.00793779545454545
2023-04-01 15:35:01,-,-,-,0,1,0,0,1,0,0,5,-82.41666666666667,-11.708333333333334,-79.140625,-11.875,-84.65625,-17.03125,-75.40757142857142,-12.328,-72.805,-11.406,-93.37899999999999,-21.676,0,19,0,0,0.014117923999999997,0.014092690228690224
2023-04-01 15:35:02,-,-,-,0,0,0,0,0,0,0,2,-78.09375,-8.3125,-85.875,-17.625,-87.40625,-19.34375,-71.09116666666667,-10.635500000000002,-111.59379999999999,-23.4266,0,0,0,17,0,0,0.010098309999999994,0.008075973084886128
2023-04-01 15:35:03,-,-,-,0,0,0,0,0,0,0,0,-78.09375,-8.3125,0,0,0,0,-71.05342857142857,-10.655285714285714,-126.01374999999999,-32.7325,0,0,0,15,0,0,0.010392059999999996,0.00780977319587629
2023-04-01 15:35:04,-,-,-,0,0,0,0,0,0,0,2,-72.5625,-6.875,-83.625,-18.9375,-84.375,-17.5625,-75.46733333333333,-10.738333333333335,-84.52324999999999,-17.25575,-128.11083333333332,-32.071666666666665,0,14,0,0,0.010676818000000006,0.008403320987654334
2023-04-01 15:35:05,-,-,-,0,0,0,0,0,0,0,2,-77.375,-7.375,-90.25,-19.3125,-90.75,-20.5625,-75.54683333333334,-10.799333333333331,-82.64966666666666,-17.691666666666666,-139.92950000000002,-38.367000000000004,0,19,0,0,0.010551570000000003,0.00878547401247401
2023-04-01 15:35:06,-,-,-,0,0,0,0,0,0,0,2,-77.4375,-7.375,-90.125,-19.625,-91.6875,-19.1875,-78.59,-11.431,-83.80083333333333,-16.52483333333333,0,0,0,15,0,0,0.011062305999999996,0.008861076288659795
2023-04-01 15:35:07,-,-,-,0,0,0,0,0,0,0,2,-82.5,-7.5,-99.3125,-20.0625,-99.8125,-21.6875,-82.19314285714286,-11.621714285714285,-88.60942857142858,-16.424285714285713,-131.93880000000001,-31.331199999999995,0,17,0,0,0.01057868999999999,0.008369983436853003
2023-04-01 15:35:08,-,-,-,0,0,0,0,0,0,0,0,-82.5,-7.5,0,0,0,0,-88.94266666666668,-12.255166666666666,-97.34383333333334,-18.181166666666666,-139.914,-37.578,0,19,0,0,0.010383146000000011,0.00854009563409563
2023-04-01 15:35:09,-,-,-,0,0,0,0,0,0,0,2,-92.83333333333333,-9.666666666666666,-98.3125,-16.166666666666668,-102.97916666666667,-19.9375,-95.75533333333333,-14.873500000000002,-95.14716666666668,-16.090000000000003,-98.08024999999999,-16.59375,0,15,0,0,0.010335923999999998,0.009440678350515468
2023-04-01 15:35:10,-,-,-,0,0,0,0,0,0,0,3,-96.09375,-12.84375,-96.25,-13.6875,-96.8125,-15.0625,-98.12883333333336,-18.781166666666667,-92.35949999999998,-15.160333333333334,-94.58183333333334,-15.933666666666666,0,12,0,0,0.010627459999999998,0.010580987704918022
2023-04-01 15:35:11,-,-,-,0,1,0,0,1,0,0,4,-97.734375,-14.46875,-95.328125,-13.0625,-98.4296875,-16.4921875,-98.50442857142856,-18.615000000000002,-92.474,-15.328333333333333,-93.2612857142857,-16.216285714285714,0,14,0,0,0.019888389999999992,0.017444956790123447
2023-04-01 15:35:12,-,-,-,0,0,0,0,0,0,0,2,-97.5625,-14.333333333333334,-97.39583333333333,-15.5,-98.22916666666667,-15.75,-93.98966666666666,-15.5625,-94.40749999999998,-16.273500000000002,-94.50133333333333,-16.669333333333334,0,27,0,0,0.010051351999999996,0.008901881606765331
2023-04-01 15:35:13,-,-,-,0,0,0,0,0,0,0,2,-98.75,-15.6875,-97.75,-14.5,-100.0625,-15.5,-93.53342857142857,-15.541285714285712,-94.83357142857142,-16.02342857142857,-100.81485714285715,-19.212142857142858,0,13,0,0,0.00994885,0.009014973305954821
2023-04-01 15:35:14,-,-,-,0,0,0,0,0,0,0,0,-98.75,-15.6875,0,0,0,0,-93.81383333333333,-15.585999999999999,-96.68083333333334,-16.797,-97.77083333333333,-19.092333333333332,0,11,0,0,0.009762303999999994,0.00891482413087934
2023-04-01 15:35:15,-,-,-,0,0,0,0,0,0,0,2,-96.5,-14.104166666666666,-98.8125,-16.104166666666668,-99.64583333333333,-16.875,-93.52083333333333,-15.6875,-96.24616666666668,-17.659,-97.36725,-20.576249999999998,0,18,0,0,0.010889484000000003,0.009536307053941907
2023-04-01 15:35:16,-,-,-,0,0,0,0,0,0,0,2,-99.71875,-16.125,-98.75,-15.40625,-100.4375,-16.625,-93.88266666666668,-15.712499999999999,-94.28133333333334,-17.218833333333336,-96.0195,-17.713,0,10,0,0,0.009503020000000001,0.009271179591836747
2023-04-01 15:35:17,-,-,-,0,0,0,0,0,0,0,2,-97.0,-15.6875,-95.1875,-15.25,-99.3125,-17.5625,-93.91528571428572,-15.973142857142859,-94.47542857142857,-16.552428571428575,-95.26228571428571,-16.752285714285716,0,16,0,0,0.009885557999999997,0.009289351239669424
2023-04-01 15:35:18,-,-,-,0,0,0,0,0,0,0,3,-94.125,-13.6875,-93.8125,-14.8125,-96.875,-17.6875,-93.90633333333334,-15.436166666666665,-91.97999999999999,-15.285499999999999,-93.3775,-16.591333333333335,0,19,0,0,0.010232179999999992,0.008770291060291069
2023-04-01 15:35:19,-,-,-,0,0,0,0,0,0,0,3,-98.16666666666667,-15.645833333333334,-95.02083333333333,-14.979166666666666,-97.8125,-17.604166666666668,-94.0235,-14.942666666666668,-91.15883333333333,-15.45583333333333,-97.82825,-16.961,0,14,0,0,0.010122204000000003,0.008678415637860077
2023-04-01 15:35:20,-,-,-,0,1,0,0,0,0,0,4,-94.73958333333333,-14.416666666666666,-92.125,-13.9375,-92.15,-15.4375,-89.79566666666666,-14.522166666666669,-91.98966666666668,-15.216,-94.63033333333334,-16.945333333333334,0,12,0,0,0.014877518,0.013284737704918028
