Date,GPSLat,GPSLon,GPSSpeed,RxRate,TxRate,DLBandwidth,ULBandwidth,MNC,MCC,CID,PCI,LTE_RSRP,LTE_RSRQ,NR_SSRSRP,NR_SSRSRQ,earfcn,PCI1,LTE_RSRP1,LTE_RSRQ1,earfcn1
04/27/23 14:52:18 ,24.71757053,120.96628372,63.07,46697,37387,102400,51200,92,466,80353570,449,-98,-12,-,-,3050
04/27/23 14:52:20 ,24.71696578,120.96523244,62.93,0,0,102400,51200,92,466,80354325,433,-84,-10,-,-,3650,432,-94,-20,3650,40,-92,-18,3650
04/27/23 14:52:22 ,24.71659398,120.96489714,62.53,0,0,102400,51200,92,466,80354325,433,-84,-10,-,-,3650,432,-94,-20,3650,40,-92,-18,3650
04/27/23 14:52:23 ,24.71659398,120.96489714,62.53,0,0,102400,51200,92,466,80354325,433,-84,-11,-,-,3650,40,-92,-18,3650,432,-96,-20,3650
04/27/23 14:52:24 ,24.71659398,120.96489714,62.53,0,0,102400,51200,92,466,80354325,433,-84,-11,-,-,3650,40,-92,-18,3650,432,-96,-20,3650
04/27/23 14:52:25 ,24.71659398,120.96489714,62.53,0,0,102400,51200,92,466,80354325,433,-84,-11,-,-,3650,40,-97,-20,3650,432,-96,-20,3650
04/27/23 14:52:26 ,24.71659398,120.96489714,62.53,0,0,102400,51200,92,466,80354325,433,-84,-11,-,-,3650,40,-97,-20,3650,432,-96,-20,3650
04/27/23 14:52:27 ,24.71659398,120.96489714,62.53,0,0,102400,51200,92,466,80354325,433,-80,-10,-,-,3650,40,-89,-19,3650,432,-92,-20,3650
04/27/23 14:52:28 ,24.71659398,120.96489714,62.53,0,0,102400,51200,92,466,80354325,433,-80,-10,-,-,3650,40,-89,-19,3650,432,-92,-20,3650
04/27/23 14:52:29 ,24.71659398,120.96489714,62.53,0,0,102400,51200,92,466,80354325,433,-69,-10,-,-,3650,40,-76,-18,3650
04/27/23 14:52:30 ,24.71659398,120.96489714,62.53,0,0,102400,51200,92,466,80354325,433,-69,-10,-,-,3650,40,-76,-18,3650
04/27/23 14:52:32 ,24.71659398,120.96489714,62.53,0,0,102400,51200,92,466,80354325,433,-82,-10,-,-,3650,40,-90,-19,3650
04/27/23 14:52:35 ,24.71202753,120.95758659,63.21,0,0,102400,51200,92,466,80354325,433,-82,-10,-,-,3650,40,-90,-19,3650
04/27/23 14:52:38 ,24.71099989,120.95613393,63.0,4096,69124,102400,51200,92,466,80354325,433,-80,-10,-,-,3650,40,-92,-18,3650
04/27/23 14:52:41 ,24.70996855,120.95466132,62.77,10084,188336,102400,51200,92,466,80354325,433,-76,-7,-,-,3650,243,-86,-20,3650,433,-92,-10,1400,433,-89,-10,3400
04/27/23 14:52:43 ,24.70996855,120.95466132,62.77,6188,91320,102400,51200,92,466,80354325,433,-81,-9,-83,-11,3650,243,-91,-20,3650,433,-85,-10,3050,243,-96,-15,3050,433,-87,-11,1750,243,-87,-15,1750
04/27/23 14:52:44 ,24.70996855,120.95466132,62.77,1508,48364,102400,51200,92,466,80354325,433,-81,-9,-,-,3650,243,-91,-20,3650,433,-85,-10,3050,243,-96,-15,3050,433,-87,-11,1750,243,-87,-15,1750
04/27/23 14:52:45 ,24.70996855,120.95466132,62.77,364,10838,102400,51200,92,466,80354325,433,-87,-11,-,-,3650,243,-98,-20,3650,433,-92,-16,3050,243,-80,-11,3050,433,-91,-14,1750,243,-91,-12,1750
04/27/23 14:52:47 ,24.70996855,120.95466132,62.77,52,2152,102400,51200,92,466,80354325,433,-87,-11,-,-,3650,243,-98,-20,3650,433,-92,-16,3050,243,-80,-11,3050,433,-91,-14,1750,243,-91,-12,1750
04/27/23 14:52:48 ,24.70996855,120.95466132,62.77,4676,138228,102400,51200,92,466,80354325,433,-94,-19,-,-,3650,243,-81,-11,3650,433,-91,-20,3050,243,-81,-11,3050,433,-93,-19,1750,243,-84,-10,1750
04/27/23 14:52:49 ,24.70996855,120.95466132,62.77,5668,115576,102400,51200,92,466,80354325,433,-94,-19,-,-,3650,243,-81,-11,3650,433,-91,-20,3050,243,-81,-11,3050,433,-93,-19,1750,243,-84,-10,1750
04/27/23 14:52:50 ,24.70996855,120.95466132,62.77,2912,59724,102400,51200,92,466,106332939,243,-76,-8,-,-,3650
04/27/23 14:52:51 ,24.70996855,120.95466132,62.77,2704,57568,102400,51200,92,466,106332939,243,-76,-8,-,-,3650
04/27/23 14:52:52 ,24.70996855,120.95466132,62.77,3224,59484,102400,51200,92,466,106332939,243,-70,-8,-86,-12,3650
04/27/23 14:52:53 ,24.70996855,120.95466132,62.77,3068,60484,102400,51200,92,466,106332939,243,-70,-8,-86,-12,3650
04/27/23 14:52:54 ,24.70996855,120.95466132,62.77,2652,58224,102400,51200,92,466,106332939,243,-73,-8,-86,-11,3650
04/27/23 14:52:55 ,24.70996855,120.95466132,62.77,2496,57196,102400,51200,92,466,106332939,243,-73,-8,-86,-11,3650
04/27/23 14:52:57 ,24.70996855,120.95466132,62.77,2912,58960,102400,51200,92,466,106332939,243,-77,-9,-86,-11,3650
04/27/23 14:52:58 ,24.70996855,120.95466132,62.77,2652,59328,102400,51200,92,466,106332939,243,-77,-9,-89,-11,3650
04/27/23 14:52:59 ,24.70996855,120.95466132,62.77,2808,60432,102400,51200,92,466,106332939,243,-76,-11,-89,-11,3650
04/27/23 14:53:00 ,24.70996855,120.95466132,62.77,3120,59036,102400,51200,92,466,106332939,243,-76,-11,-89,-11,3650
04/27/23 14:53:01 ,24.70996855,120.95466132,62.77,3224,59588,102400,51200,92,466,106332939,243,-73,-11,-86,-11,3650
04/27/23 14:53:03 ,24.70127917,120.94489501,63.46,5408,88824,102400,51200,92,466,106332939,243,-73,-11,-86,-11,3650
04/27/23 14:53:06 ,24.69996377,120.94372957,64.1,4644,112312,102400,51200,92,466,106332939,243,-76,-11,-84,-11,3650
04/27/23 14:53:09 ,24.69866746,120.94252028,62.94,6712,219250,102400,51200,92,466,106332939,243,-58,-10,-82,-11,3650
04/27/23 14:53:11 ,24.69732902,120.94137711,62.87,2704,112393,102400,51200,92,466,106332939,243,-89,-12,-82,-11,3650,77,-98,-16,3650,261,-101,-20,3650
04/27/23 14:53:15 ,24.6959781,120.94026038,63.07,5668,191017,102400,51200,92,466,106332939,243,-86,-10,-94,-13,3650
04/27/23 14:53:17 ,24.69506458,120.93952065,63.08,1624,122492,102400,51200,92,466,106332939,243,-85,-10,-94,-12,3650,10,-93,-19,3650,267,-97,-19,3650
04/27/23 14:53:20 ,24.69367967,120.93842205,63.36,524,19973,102400,51200,92,466,106332939,243,-84,-12,-92,-11,3650,267,-93,-20,3650
04/27/23 14:53:22 ,24.69274182,120.93771556,63.45,10576,344091,102400,51200,92,466,106332939,243,-91,-14,-,-,3650,267,-98,-20,3650,174,-97,-19,3650,181,-97,-20,3650,332,-96,-20,3650
04/27/23 14:53:25 ,24.69131665,120.93667014,63.43,2184,87984,102400,51200,92,466,105923597,255,-97,-15,-,-,1750,243,-97,-14,1750,170,-103,-18,1750
04/27/23 14:53:27 ,24.69035638,120.93599529,63.38,7712,194244,102400,51200
04/27/23 14:53:30 ,24.68890438,120.93500944,63.33,5096,133364,102400,51200,92,466,105923597,255,-90,-13,-,-,1750,50,-97,-20,1750
04/27/23 14:53:32 ,24.68792519,120.93436444,63.26,5340,133920,102400,51200,92,466,106952717,174,-105,-20,-77,-11,1750,267,-101,-16,1750,10,-103,-19,1750,449,-105,-20,1750,410,-103,-18,1750,163,-100,-18,1750,176,-106,-20,1750
04/27/23 14:53:34 ,24.68743257,120.93404791,63.25,3640,108818,102400,51200,92,466,105983245,267,-95,-14,-79,-11,1750,269,-100,-17,1750,10,-102,-18,1750,410,-101,-19,1750,50,-102,-20,1750,255,-103,-20,1750
04/27/23 14:53:35 ,24.68743257,120.93404791,63.25,1092,53802,102400,51200,92,466,105983245,267,-92,-14,-79,-11,1750,269,-98,-18,1750,255,-98,-19,1750,50,-98,-20,1750,256,-100,-20,1750
04/27/23 14:53:36 ,24.68743257,120.93404791,63.25,0,7840,102400,51200,92,466,105983245,267,-92,-14,-91,-14,1750,269,-98,-18,1750,255,-98,-19,1750,50,-98,-20,1750,256,-100,-20,1750
04/27/23 14:53:38 ,24.68743257,120.93404791,63.25,0,670,102400,51200,92,466,105923597,255,-96,-20,-,-,1750,256,-97,-19,1750,267,-94,-15,1750,50,-99,-20,1750,269,-98,-19,1750
04/27/23 14:53:39 ,24.68743257,120.93404791,63.25,3908,203234,102400,51200,92,466,105923597,255,-96,-20,-,-,1750,256,-97,-19,1750,267,-94,-15,1750,50,-99,-20,1750,269,-98,-19,1750
04/27/23 14:53:40 ,24.68743257,120.93404791,63.25,3432,60796,102400,51200,92,466,105923607,256,-81,-13,-,-,1750,255,-87,-16,1750,267,-91,-20,1750,249,-90,-18,1750
04/27/23 14:53:41 ,24.68743257,120.93404791,63.25,3640,59782,102400,51200,92,466,105923607,256,-81,-13,-,-,1750,255,-87,-16,1750,267,-91,-20,1750,249,-90,-18,1750
04/27/23 14:53:42 ,24.68743257,120.93404791,63.25,3796,62174,102400,51200,92,466,105923607,256,-79,-13,-61,-18,1750,255,-90,-19,1750,267,-89,-18,1750,269,-90,-19,1750,249,-92,-20,1750
04/27/23 14:53:43 ,24.68743257,120.93404791,63.25,3900,58608,102400,51200,92,466,105923607,256,-79,-13,-61,-18,1750,255,-90,-19,1750,267,-89,-18,1750,269,-90,-19,1750,249,-92,-20,1750
04/27/23 14:53:44 ,24.68743257,120.93404791,63.25,3380,61796,102400,51200,92,466,105923607,256,-81,-14,-64,-11,1750,255,-90,-18,1750,267,-90,-19,1750,269,-92,-20,1750,249,-92,-20,1750
04/27/23 14:53:45 ,24.68743257,120.93404791,63.25,2808,56880,102400,51200,92,466,105923607,256,-81,-14,-64,-11,1750,255,-90,-18,1750,267,-90,-19,1750,269,-92,-20,1750,249,-92,-20,1750
04/27/23 14:53:47 ,24.68743257,120.93404791,63.25,1508,60440,102400,51200,92,466,105923607,256,-85,-13,-64,-11,1750,255,-92,-20,1750,267,-90,-20,1750,269,-90,-20,1750,249,-90,-20,1750,410,-89,-19,1750
04/27/23 14:53:48 ,24.68743257,120.93404791,63.25,1584,44918,102400,51200,92,466,105923607,256,-85,-13,-,-,1750,255,-92,-20,1750,267,-90,-20,1750,269,-90,-20,1750,249,-90,-20,1750,410,-89,-19,1750
04/27/23 14:53:49 ,24.68743257,120.93404791,63.25,3292,81918,102400,51200,92,466,105923605,256,-80,-9,-,-,3650
04/27/23 14:53:50 ,24.68743257,120.93404791,63.25,2860,57762,102400,51200,92,466,105923605,256,-80,-9,-,-,3650
04/27/23 14:53:51 ,24.68743257,120.93404791,63.25,1196,50066,102400,51200,92,466,105923607,256,-88,-14,-,-,1750,10,-98,-20,1750,207,-95,-16,1750
04/27/23 14:53:52 ,24.68743257,120.93404791,63.25,4132,69390,102400,51200,92,466,105923607,256,-88,-14,-71,-11,1750,10,-98,-20,1750,207,-95,-16,1750
04/27/23 14:53:53 ,24.68743257,120.93404791,63.25,1612,58302,102400,51200,92,466,106333197,207,-70,-11,-71,-11,1750,256,-78,-19,1750,475,-77,-20,1750
04/27/23 14:53:54 ,24.68743257,120.93404791,63.25,1872,58294,102400,51200,92,466,106333197,207,-70,-11,-83,-16,1750,256,-78,-19,1750,475,-77,-20,1750
04/27/23 14:53:56 ,24.68743257,120.93404791,63.25,52,13902,102400,51200,92,466,106333197,207,-79,-12,-83,-16,1750,204,-91,-20,1750
04/27/23 14:53:57 ,24.68743257,120.93404791,63.25,0,2868,102400,51200,92,466,106333197,207,-79,-12,-,-,1750,204,-91,-20,1750
04/27/23 14:53:58 ,24.68743257,120.93404791,63.25,0,1434,102400,51200,92,466,106333197,207,-80,-12,-,-,1750,204,-90,-18,1750
04/27/23 14:53:59 ,24.68743257,120.93404791,63.25,0,743,102400,51200,92,466,106333197,207,-80,-12,-70,-20,1750,204,-90,-18,1750
04/27/23 14:54:00 ,24.68743257,120.93404791,63.25,0,0,102400,51200,92,466,106333197,207,-79,-10,-70,-20,1750,204,-92,-20,1750
04/27/23 14:54:01 ,24.68743257,120.93404791,63.25,4024,106669,102400,51200,92,466,106333197,207,-79,-10,-70,-20,1750,204,-92,-20,1750
04/27/23 14:54:02 ,24.68743257,120.93404791,63.25,6916,287976,102400,51200,92,466,106333197,207,-81,-11,-86,-11,1750
04/27/23 14:54:03 ,24.68743257,120.93404791,63.25,2080,58514,102400,51200,92,466,106333197,207,-81,-11,-86,-11,1750
04/27/23 14:54:05 ,24.68743257,120.93404791,63.25,2704,60588,102400,51200,92,466,106333197,207,-86,-12,-103,-11,1750
04/27/23 14:54:06 ,24.68743257,120.93404791,63.25,2028,59134,102400,51200,92,466,106333197,207,-86,-12,-103,-11,1750
04/27/23 14:54:07 ,24.68743257,120.93404791,63.25,1820,59737,102400,51200,92,466,106333197,207,-88,-12,-103,-11,1750
04/27/23 14:54:08 ,24.68743257,120.93404791,63.25,1872,56951,102400,51200,92,466,106333197,207,-88,-12,-109,-11,1750
04/27/23 14:54:09 ,24.68743257,120.93404791,63.25,1508,59821,102400,51200,92,466,106333197,207,-85,-12,-109,-11,1750
04/27/23 14:54:10 ,24.68743257,120.93404791,63.25,1976,57723,102400,51200,92,466,106333197,207,-85,-12,-109,-11,1750
04/27/23 14:54:11 ,24.68743257,120.93404791,63.25,1976,60964,102400,51200,92,466,106333197,207,-76,-11,-112,-11,1750
04/27/23 14:54:12 ,24.68743257,120.93404791,63.25,1612,57911,102400,51200,92,466,106333197,207,-76,-11,-112,-11,1750
04/27/23 14:54:14 ,24.68743257,120.93404791,63.25,1664,60274,102400,51200,92,466,106333197,207,-76,-11,-114,-12,1750
04/27/23 14:54:15 ,24.68743257,120.93404791,63.25,1420,56749,102400,51200,92,466,106333197,207,-76,-11,-109,-12,1750
04/27/23 14:54:16 ,24.68743257,120.93404791,63.25,2944,60960,102400,51200,92,466,106333197,207,-81,-11,-109,-12,1750
04/27/23 14:54:17 ,24.68743257,120.93404791,63.25,2392,58191,102400,51200,92,466,106333197,207,-81,-11,-96,-11,1750
04/27/23 14:54:18 ,24.68743257,120.93404791,63.25,2392,60812,102400,51200,92,466,106333197,207,-82,-11,-96,-11,1750
04/27/23 14:54:19 ,24.68743257,120.93404791,63.25,104,38420,102400,51200,92,466,106333197,207,-82,-11,-96,-11,1750
04/27/23 14:54:20 ,24.68743257,120.93404791,63.25,4276,78672,102400,51200,92,466,106333197,207,-81,-14,-79,-11,1750,342,-87,-16,1750
04/27/23 14:54:21 ,24.68743257,120.93404791,63.25,2340,59568,102400,51200,92,466,106333197,207,-81,-14,-79,-11,1750,342,-87,-16,1750
04/27/23 14:54:23 ,24.68743257,120.93404791,63.25,1924,57836,102400,51200,92,466,106333197,207,-93,-16,-85,-11,1750,342,-95,-15,1750,189,-99,-19,1750
04/27/23 14:54:24 ,24.68743257,120.93404791,63.25,1976,58948,102400,51200,92,466,106333197,207,-93,-16,-85,-11,1750,342,-95,-15,1750,189,-99,-19,1750
04/27/23 14:54:25 ,24.68743257,120.93404791,63.25,52,35612,102400,51200,92,466,106333197,207,-84,-10,-85,-11,1750,342,-96,-20,1750,189,-98,-20,1750,0,-96,-20,1750
04/27/23 14:54:26 ,24.68743257,120.93404791,63.25,0,4302,102400,51200,92,466,106333197,207,-84,-10,-85,-11,1750,342,-96,-20,1750,189,-98,-20,1750,0,-96,-20,1750
04/27/23 14:54:27 ,24.68743257,120.93404791,63.25,0,0,102400,51200,92,466,106333197,207,-74,-11,-85,-11,1750
04/27/23 14:54:28 ,24.68743257,120.93404791,63.25,0,2868,102400,51200,92,466,106333197,207,-74,-11,-85,-11,1750
04/27/23 14:54:29 ,24.68743257,120.93404791,63.25,0,0,102400,51200,92,466,106333197,207,-94,-12,-85,-11,1750,342,-104,-20,1750
04/27/23 14:54:30 ,24.68743257,120.93404791,63.25,0,0,102400,51200,92,466,106333197,207,-94,-12,-85,-11,1750,342,-104,-20,1750
04/27/23 14:54:32 ,24.68743257,120.93404791,63.25,0,1486,102400,51200,92,466,106333197,207,-81,-11,-91,-11,1750
04/27/23 14:54:33 ,24.68743257,120.93404791,63.25,0,0,102400,51200,92,466,106333197,207,-81,-11,-91,-11,1750
04/27/23 14:54:34 ,24.68743257,120.93404791,63.25,0,0,102400,51200,92,466,106333197,207,-79,-11,-91,-11,1750,238,-90,-20,1750
04/27/23 14:54:35 ,24.68743257,120.93404791,63.25,52,1091,102400,51200,92,466,106333197,207,-79,-11,-,-,1750,238,-90,-20,1750
04/27/23 14:54:36 ,24.68743257,120.93404791,63.25,4612,121971,102400,51200,92,466,106333197,207,-83,-12,-,-,1750
04/27/23 14:54:37 ,24.68743257,120.93404791,63.25,5200,233989,102400,51200,92,466,106333197,207,-83,-12,-,-,1750
04/27/23 14:54:38 ,24.68743257,120.93404791,63.25,12408,421935,102400,51200,92,466,106333197,207,-81,-11,-80,-11,1750
04/27/23 14:54:39 ,24.68743257,120.93404791,63.25,3276,57758,102400,51200,92,466,106333197,207,-81,-11,-80,-11,1750
04/27/23 14:54:41 ,24.68743257,120.93404791,63.25,832,57814,102400,51200,92,466,106333197,207,-82,-11,-80,-11,1750,208,-93,-20,1750
04/27/23 14:54:42 ,24.68743257,120.93404791,63.25,572,29536,102400,51200,92,466,106333197,207,-82,-11,-86,-12,1750,208,-93,-20,1750
04/27/23 14:54:43 ,24.68743257,120.93404791,63.25,4316,89170,102400,51200,92,466,106333197,207,-85,-12,-86,-12,1750,208,-96,-17,1750
04/27/23 14:54:44 ,24.68743257,120.93404791,63.25,2340,55398,102400,51200,92,466,106333197,207,-85,-12,-86,-12,1750,208,-96,-17,1750
04/27/23 14:54:45 ,24.68743257,120.93404791,63.25,2704,59342,102400,51200,92,466,106333197,207,-91,-16,-85,-11,1750,208,-92,-15,1750
04/27/23 14:54:46 ,24.68743257,120.93404791,63.25,2496,58224,102400,51200,92,466,106333197,207,-91,-16,-85,-11,1750,208,-92,-15,1750
04/27/23 14:54:47 ,24.68743257,120.93404791,63.25,2652,59328,102400,51200,92,466,106333207,208,-87,-13,-85,-11,1750,207,-98,-20,1750,143,-99,-20,1750
04/27/23 14:54:48 ,24.68743257,120.93404791,63.25,1092,57628,102400,51200,92,466,106333207,208,-87,-13,-82,-11,1750,207,-98,-20,1750,143,-99,-20,1750
04/27/23 14:54:50 ,24.68743257,120.93404791,63.25,312,41495,102400,51200,92,466,106333207,208,-84,-12,-82,-11,1750
04/27/23 14:54:51 ,24.68743257,120.93404791,63.25,312,14137,102400,51200,92,466,106333207,208,-84,-12,-83,-11,1750
04/27/23 14:54:52 ,24.68743257,120.93404791,63.25,312,11372,102400,51200,92,466,106333207,208,-81,-11,-83,-11,1750,207,-91,-19,1750
04/27/23 14:54:53 ,24.68743257,120.93404791,63.25,260,11319,102400,51200,92,466,106333207,208,-81,-11,-83,-11,1750,207,-91,-19,1750
04/27/23 14:54:54 ,24.68743257,120.93404791,63.25,208,8503,102400,51200,92,466,106333207,208,-85,-12,-85,-11,1750
04/27/23 14:54:55 ,24.68743257,120.93404791,63.25,208,8503,102400,51200,92,466,106333207,208,-85,-12,-85,-11,1750
04/27/23 14:54:56 ,24.68743257,120.93404791,63.25,260,11321,102400,51200,92,466,106333207,208,-82,-12,-85,-11,1750
04/27/23 14:54:57 ,24.68743257,120.93404791,63.25,208,8503,102400,51200,92,466,106333207,208,-82,-12,-84,-11,1750
04/27/23 14:54:59 ,24.68743257,120.93404791,63.25,260,9937,102400,51200,92,466,106333207,208,-81,-11,-84,-11,1750
04/27/23 14:55:00 ,24.68743257,120.93404791,63.25,3432,300812,102400,51200,92,466,106333207,208,-81,-11,-84,-11,1750
04/27/23 14:55:01 ,24.68743257,120.93404791,63.25,7904,211931,102400,51200,92,466,106333207,208,-82,-11,-84,-11,1750
04/27/23 14:55:02 ,24.68743257,120.93404791,63.25,0,57539,102400,51200,92,466,106333207,208,-82,-11,-84,-11,1750
04/27/23 14:55:03 ,24.68743257,120.93404791,63.25,896,57719,102400,51200,92,466,106333207,208,-86,-12,-83,-11,1750
04/27/23 14:55:04 ,24.68743257,120.93404791,63.25,0,0,102400,51200,92,466,106333207,208,-86,-12,-83,-11,1750
04/27/23 14:55:05 ,24.68743257,120.93404791,63.25,0,0,102400,51200,92,466,106333207,208,-91,-12,-83,-11,1750
04/27/23 14:55:06 ,24.68743257,120.93404791,63.25,0,67,102400,51200,92,466,106333207,208,-91,-12,-86,-11,1750
04/27/23 14:55:08 ,24.68743257,120.93404791,63.25,0,0,102400,51200,92,466,106333207,208,-78,-12,-86,-11,1750
04/27/23 14:55:09 ,24.68743257,120.93404791,63.25,320,5824,102400,51200,92,466,106333207,208,-78,-12,-81,-11,1750
04/27/23 14:55:10 ,24.68743257,120.93404791,63.25,320,7173,102400,51200,92,466,106333207,208,-78,-13,-81,-11,1750,209,-86,-15,1750
04/27/23 14:55:11 ,24.68743257,120.93404791,63.25,6946,166261,102400,51200,92,466,106333207,208,-78,-13,-81,-11,1750,209,-86,-15,1750
04/27/23 14:55:12 ,24.68743257,120.93404791,63.25,12305,301695,102400,51200,92,466,106333207,208,-83,-16,-81,-11,1750,209,-84,-13,1750
04/27/23 14:55:13 ,24.68743257,120.93404791,63.25,8292,62411,102400,51200,92,466,106333207,208,-83,-16,-81,-11,1750,209,-84,-13,1750
04/27/23 14:55:14 ,24.68743257,120.93404791,63.25,2028,61133,102400,51200,92,466,106333217,209,-75,-11,-81,-11,1750,208,-85,-20,1750
04/27/23 14:55:16 ,24.68743257,120.93404791,63.25,1508,58526,102400,51200,92,466,106333217,209,-75,-11,-81,-11,1750,208,-85,-20,1750
04/27/23 14:55:17 ,24.68743257,120.93404791,63.25,1196,58853,102400,51200,92,466,106333217,209,-85,-12,-81,-11,1750
04/27/23 14:55:18 ,24.68743257,120.93404791,63.25,312,57528,102400,51200,92,466,106333217,209,-85,-12,-87,-11,1750
04/27/23 14:55:19 ,24.68743257,120.93404791,63.25,1976,57474,102400,51200,92,466,106333217,209,-59,-11,-87,-11,1750,208,-70,-19,1750
04/27/23 14:55:20 ,24.68743257,120.93404791,63.25,1508,56246,102400,51200,92,466,106333217,209,-59,-11,-87,-11,1750,208,-70,-19,1750
04/27/23 14:55:21 ,24.68743257,120.93404791,63.25,1300,42926,102400,51200,92,466,106333217,209,-86,-13,-87,-11,1750
04/27/23 14:55:22 ,24.68743257,120.93404791,63.25,3288,67447,102400,51200,92,466,106333217,209,-86,-13,-90,-11,1750
04/27/23 14:55:23 ,24.68743257,120.93404791,63.25,5456,73138,102400,51200,92,466,106333217,209,-81,-11,-100,-11,1750
04/27/23 14:55:25 ,24.68743257,120.93404791,63.25,2496,57555,102400,51200,92,466,106333217,209,-81,-11,-100,-11,1750
04/27/23 14:55:26 ,24.68743257,120.93404791,63.25,2392,57818,102400,51200,92,466,106333217,209,-87,-13,-100,-11,1750,415,-97,-20,1750
04/27/23 14:55:27 ,24.68743257,120.93404791,63.25,2284,62732,102400,51200,92,466,106333217,209,-87,-13,-81,-11,1750,415,-97,-20,1750
04/27/23 14:55:28 ,24.68743257,120.93404791,63.25,2028,58994,102400,51200,92,466,105921845,415,-77,-14,-81,-11,1750,209,-83,-20,1750
04/27/23 14:55:29 ,24.68743257,120.93404791,63.25,2051,62672,102400,51200,92,466,105921845,415,-77,-14,-81,-11,1750,209,-83,-20,1750
04/27/23 14:55:30 ,24.68743257,120.93404791,63.25,2128,66413,102400,51200,92,466,106333217,209,-64,-9,-73,-11,1750,415,-72,-20,1750,261,-75,-20,1750,257,-70,-19,1750
04/27/23 14:55:31 ,24.68743257,120.93404791,63.25,3040,66874,102400,51200,92,466,106333217,209,-64,-9,-73,-11,1750,415,-72,-20,1750,261,-75,-20,1750,257,-70,-19,1750
04/27/23 14:55:32 ,24.68743257,120.93404791,63.25,1768,59802,102400,51200,92,466,106333217,209,-92,-18,-93,-12,1750,261,-87,-13,1750,415,-94,-19,1750
04/27/23 14:55:33 ,24.68743257,120.93404791,63.25,4524,58212,102400,51200,92,466,106333217,209,-92,-18,-93,-12,1750,261,-87,-13,1750,415,-94,-19,1750
04/27/23 14:55:35 ,24.68743257,120.93404791,63.25,3848,60108,102400,51200,92,466,106333217,209,-77,-10,-93,-12,1750,261,-83,-20,1750,326,-85,-20,1750,257,-86,-20,1750,303,-86,-20,1750,415,-86,-20,1750,253,-87,-20,1750
04/27/23 14:55:36 ,24.68743257,120.93404791,63.25,3432,58796,102400,51200,92,466,106333217,209,-77,-10,-90,-11,1750,261,-83,-20,1750,326,-85,-20,1750,257,-86,-20,1750,303,-86,-20,1750,415,-86,-20,1750,253,-87,-20,1750
04/27/23 14:55:37 ,24.68743257,120.93404791,63.25,4316,60368,102400,51200,92,466,105921333,325,-87,-17,-90,-11,1750,303,-95,-20,1750,326,-87,-12,1750,257,-93,-19,1750,261,-95,-20,1750,255,-92,-18,1750
04/27/23 14:55:38 ,24.68743257,120.93404791,63.25,1716,57338,102400,51200,92,466,105921333,325,-87,-17,-90,-11,1750,303,-95,-20,1750,326,-87,-12,1750,257,-93,-19,1750,261,-95,-20,1750,255,-92,-18,1750
04/27/23 14:55:39 ,24.68743257,120.93404791,63.25,2340,60634,102400,51200,92,466,106333217,209,-78,-11,-95,-12,1750,261,-90,-20,1750,326,-88,-20,1750,112,-89,-20,1750
04/27/23 14:55:40 ,24.68743257,120.93404791,63.25,780,53264,102400,51200,92,466,106333217,209,-78,-11,-95,-12,1750,261,-90,-20,1750,326,-88,-20,1750,112,-89,-20,1750
04/27/23 14:55:41 ,24.68743257,120.93404791,63.25,52,7121,102400,51200,92,466,106333217,209,-84,-12,-108,-13,1750,112,-96,-17,1750
04/27/23 14:55:42 ,24.68743257,120.93404791,63.25,52,0,102400,51200,92,466,106333217,209,-84,-12,-108,-13,1750,112,-96,-17,1750
04/27/23 14:55:44 ,24.68743257,120.93404791,63.25,0,669,102400,51200,92,466,106333453,112,-81,-12,-108,-13,1750,209,-92,-18,1750
04/27/23 14:55:45 ,24.68743257,120.93404791,63.25,116,0,102400,51200,92,466,106333453,112,-81,-12,-,-,1750,209,-92,-18,1750
04/27/23 14:55:46 ,24.68743257,120.93404791,63.25,116,5736,102400,51200,92,466,106333453,112,-76,-12,-108,-13,1750,209,-90,-20,1750
04/27/23 14:55:47 ,24.68743257,120.93404791,63.25,2576,127288,102400,51200,92,466,106333453,112,-76,-12,-108,-13,1750,209,-90,-20,1750
04/27/23 14:55:48 ,24.68743257,120.93404791,63.25,2028,90176,102400,51200,92,466,106333453,112,-72,-11,-85,-14,1750,209,-87,-20,1750
04/27/23 14:55:49 ,24.68743257,120.93404791,63.25,104,20926,102400,51200,92,466,106333453,112,-72,-11,-85,-14,1750,209,-87,-20,1750
04/27/23 14:55:50 ,24.68743257,120.93404791,63.25,104,4303,102400,51200,92,466,106333453,112,-77,-11,-85,-14,1750
04/27/23 14:55:51 ,24.68743257,120.93404791,63.25,8628,369769,102400,51200,92,466,106333453,112,-77,-11,-86,-13,1750
04/27/23 14:55:53 ,24.68743257,120.93404791,63.25,676,55446,102400,51200,92,466,106333453,112,-74,-12,-86,-13,1750
04/27/23 14:55:54 ,24.68743257,120.93404791,63.25,0,12908,102400,51200,92,466,106333453,112,-74,-12,-83,-11,1750
04/27/23 14:55:55 ,24.68743257,120.93404791,63.25,4364,129230,102400,51200,92,466,106333453,112,-72,-11,-83,-11,1750
04/27/23 14:55:56 ,24.68743257,120.93404791,63.25,2912,70649,102400,51200,92,466,106333453,112,-72,-11,-83,-11,1750
04/27/23 14:55:57 ,24.68743257,120.93404791,63.25,1612,60560,102400,51200,92,466,106333453,112,-78,-11,-107,-16,1750
04/27/23 14:55:58 ,24.68743257,120.93404791,63.25,0,16065,102400,51200,92,466,106333453,112,-78,-11,-107,-16,1750
04/27/23 14:55:59 ,24.68743257,120.93404791,63.25,0,3156,102400,51200,92,466,106333453,112,-69,-10,-113,-16,1750
04/27/23 14:56:00 ,24.68743257,120.93404791,63.25,0,0,102400,51200,92,466,106333453,112,-69,-10,-114,-12,1750
04/27/23 14:56:02 ,24.68743257,120.93404791,63.25,0,743,102400,51200,92,466,106333453,112,-76,-10,-114,-12,1750
04/27/23 14:56:03 ,24.68743257,120.93404791,63.25,0,807,102400,51200,92,466,106333453,112,-76,-10,-114,-12,1750
04/27/23 14:56:04 ,24.68743257,120.93404791,63.25,0,128,102400,51200,92,466,106333453,112,-73,-10,-116,-12,1750
04/27/23 14:56:05 ,24.68743257,120.93404791,63.25,0,0,102400,51200,92,466,106333453,112,-73,-10,-116,-12,1750
04/27/23 14:56:06 ,24.68743257,120.93404791,63.25,0,858,102400,51200,92,466,106333453,112,-86,-12,-,-,1750
04/27/23 14:56:07 ,24.68743257,120.93404791,63.25,0,0,102400,51200,92,466,106333453,112,-86,-12,-,-,1750
04/27/23 14:56:08 ,24.68743257,120.93404791,63.25,0,64,102400,51200,92,466,106333453,112,-64,-11,-,-,1750,226,-81,-20,1750
04/27/23 14:56:10 ,24.68743257,120.93404791,63.25,64,52,102400,51200,92,466,106333453,112,-64,-11,-,-,1750,226,-81,-20,1750
04/27/23 14:56:11 ,24.68743257,120.93404791,63.25,0,0,102400,51200,92,466,106333451,112,-80,-12,-,-,3650
04/27/23 14:56:12 ,24.68743257,120.93404791,63.25,0,0,102400,51200,92,466,106333451,112,-80,-12,-,-,3650
04/27/23 14:56:13 ,24.68743257,120.93404791,63.25,0,0,906,0,92,466,106333451,112,-84,-13,-116,-14,3650,226,-89,-19,3650
04/27/23 14:56:14 ,24.68743257,120.93404791,63.25,0,0,906,0,92,466,106333451,112,-84,-13,-,-,3650,226,-89,-19,3650
04/27/23 14:56:15 ,24.68743257,120.93404791,63.25,6120,24394,906,0,92,466,106333451,112,-69,-11,-,-,3650,226,-79,-20,3650,225,-78,-16,3650
04/27/23 14:56:16 ,24.68743257,120.93404791,63.25,1216,4091,906,0,92,466,106333451,112,-69,-11,-,-,3650,226,-79,-20,3650,225,-78,-16,3650
04/27/23 14:56:17 ,24.68743257,120.93404791,63.25,11528,278036,906,0,92,466,106333451,112,-78,-12,-99,-14,3650,225,-88,-20,3650
04/27/23 14:56:19 ,24.68743257,120.93404791,63.25,10764,650760,906,0,92,466,106333451,112,-78,-12,-98,-13,3650,225,-88,-20,3650
04/27/23 14:56:20 ,24.68743257,120.93404791,63.25,5564,233171,906,0,92,466,106333451,112,-73,-11,-98,-13,3650
04/27/23 14:56:21 ,24.68743257,120.93404791,63.25,2756,57816,906,0,92,466,106333451,112,-73,-11,-93,-13,3650
04/27/23 14:56:22 ,24.68743257,120.93404791,63.25,2392,61828,906,0,92,466,106333451,112,-81,-12,-93,-13,3650,111,-87,-19,3650
04/27/23 14:56:23 ,24.68743257,120.93404791,63.25,2444,58672,906,0,92,466,106333451,112,-81,-12,-93,-13,3650,111,-87,-19,3650
04/27/23 14:56:24 ,24.68743257,120.93404791,63.25,1456,59054,906,0,92,466,106333451,112,-86,-14,-91,-12,3650,111,-87,-15,3650
04/27/23 14:56:25 ,24.68743257,120.93404791,63.25,1404,58300,906,0,92,466,106333451,112,-86,-14,-91,-12,3650,111,-87,-15,3650
04/27/23 14:56:26 ,24.68743257,120.93404791,63.25,1300,59183,906,0,92,466,106333461,111,-84,-13,-91,-12,3650,112,-92,-20,3650,215,-92,-20,3650
04/27/23 14:56:28 ,24.68743257,120.93404791,63.25,156,57472,906,0,92,466,106333461,111,-84,-13,-94,-12,3650,112,-92,-20,3650,215,-92,-20,3650
04/27/23 14:56:29 ,24.68743257,120.93404791,63.25,104,24395,906,0,92,466,106333461,111,-81,-12,-94,-12,3650,112,-89,-18,3650,215,-90,-20,3650
04/27/23 14:56:30 ,24.68743257,120.93404791,63.25,52,2818,906,0,92,466,106333461,111,-81,-12,-106,-13,3650,112,-89,-18,3650,215,-90,-20,3650
04/27/23 14:56:31 ,24.68743257,120.93404791,63.25,64,956,906,0,92,466,106333461,111,-99,-14,-110,-13,3650,112,-104,-19,3650,211,-106,-20,3650,98,-103,-18,3650
04/27/23 14:56:32 ,24.68743257,120.93404791,63.25,0,1435,906,0,92,466,106333461,111,-99,-14,-,-,3650,112,-104,-19,3650,211,-106,-20,3650,98,-103,-18,3650
04/27/23 14:56:33 ,24.68743257,120.93404791,63.25,0,0,906,0,92,466,106333461,111,-106,-15,-,-,3650,112,-109,-19,3650,98,-107,-17,3650
04/27/23 14:56:34 ,24.68743257,120.93404791,63.25,0,0,906,0,92,466,106333461,111,-106,-15,-,-,3650,112,-109,-19,3650,98,-107,-17,3650
04/27/23 14:56:36 ,24.68743257,120.93404791,63.25,1852,75223,906,0,92,466,106333461,111,-102,-14,-,-,3650,417,-109,-20,3650,98,-107,-18,3650,211,-107,-20,3650
04/27/23 14:56:37 ,24.68743257,120.93404791,63.25,2432,100200,906,0,92,466,106333461,111,-102,-14,-,-,3650,417,-109,-20,3650,98,-107,-18,3650,211,-107,-20,3650
04/27/23 14:56:38 ,24.68743257,120.93404791,63.25,10028,440576,906,0,92,466,106333461,111,-97,-12,-102,-12,3650,389,-109,-20,3650
04/27/23 14:56:39 ,24.68743257,120.93404791,63.25,2192,57730,906,0,92,466,106333461,111,-97,-12,-102,-12,3650,389,-109,-20,3650
04/27/23 14:56:40 ,24.68743257,120.93404791,63.25,728,60236,906,0,92,466,106333461,111,-83,-10,-106,-12,3650,215,-96,-20,3650
04/27/23 14:56:41 ,24.68743257,120.93404791,63.25,64,21525,906,0,92,466,106333461,111,-83,-10,-,-,3650,215,-96,-20,3650
04/27/23 14:56:42 ,24.68743257,120.93404791,63.25,3332,103984,906,0,92,466,106333461,111,-66,-8,-,-,3650
04/27/23 14:56:43 ,24.68743257,120.93404791,63.25,2804,60394,906,0,92,466,106333461,111,-66,-8,-106,-14,3650
04/27/23 14:56:44 ,24.68743257,120.93404791,63.25,1924,59009,906,0,92,466,106333461,111,-87,-12,-105,-16,3650,389,-95,-19,3650
04/27/23 14:56:46 ,24.68743257,120.93404791,63.25,1248,54963,906,0,92,466,106333461,111,-87,-12,-105,-16,3650,389,-95,-19,3650
04/27/23 14:56:47 ,24.68743257,120.93404791,63.25,3536,62205,906,0,92,466,106333461,111,-93,-15,-104,-17,3650,317,-100,-20,3650
04/27/23 14:56:48 ,24.68743257,120.93404791,63.25,1924,58152,906,0,92,466,106333461,111,-93,-15,-102,-15,3650,317,-100,-20,3650
04/27/23 14:56:49 ,24.68743257,120.93404791,63.25,2080,58535,906,0,92,466,106333461,111,-85,-13,-102,-15,3650,215,-93,-20,3650
04/27/23 14:56:50 ,24.68743257,120.93404791,63.25,364,33005,906,0,92,466,106333461,111,-85,-13,-102,-14,3650,215,-93,-20,3650
04/27/23 14:56:51 ,24.68743257,120.93404791,63.25,4636,88059,906,0,92,466,106333461,111,-62,-12,-,-,3650,215,-72,-20,3650,100,-70,-20,3650
04/27/23 14:56:52 ,24.68743257,120.93404791,63.25,2392,58957,906,0,92,466,106333461,111,-62,-12,-103,-15,3650,215,-72,-20,3650,100,-70,-20,3650
04/27/23 14:56:54 ,24.68743257,120.93404791,63.25,3016,59231,906,0,92,466,106333461,111,-81,-12,-106,-15,3650,100,-88,-18,3650
04/27/23 14:56:55 ,24.68743257,120.93404791,63.25,2184,59620,906,0,92,466,106333461,111,-81,-12,-106,-15,3650,100,-88,-18,3650
04/27/23 14:56:56 ,24.68743257,120.93404791,63.25,2184,58308,906,0,92,466,106333461,111,-88,-13,-107,-17,3650,100,-95,-18,3650
04/27/23 14:56:57 ,24.68743257,120.93404791,63.25,2964,58536,906,0,92,466,106333461,111,-88,-13,-105,-19,3650,100,-95,-18,3650
04/27/23 14:56:58 ,24.68743257,120.93404791,63.25,2392,60373,906,0,92,466,105971733,100,-89,-15,-105,-19,3650,111,-92,-17,3650,99,-93,-19,3650,379,-94,-19,3650
04/27/23 14:56:59 ,24.68743257,120.93404791,63.25,2496,56093,906,0,92,466,105971733,100,-89,-15,-105,-19,3650,111,-92,-17,3650,99,-93,-19,3650,379,-94,-19,3650
04/27/23 14:57:00 ,24.68743257,120.93404791,63.25,2736,59926,906,0,92,466,106333461,111,-74,-12,-108,2147483647,3650,100,-84,-20,3650,99,-83,-20,3650,379,-84,-20,3650,389,-85,-20,3650,215,-86,-20,3650
04/27/23 14:57:01 ,24.68743257,120.93404791,63.25,3796,60004,906,0,92,466,106333461,111,-74,-12,-108,2147483647,3650,100,-84,-20,3650,99,-83,-20,3650,379,-84,-20,3650,389,-85,-20,3650,215,-86,-20,3650
04/27/23 14:57:03 ,24.68743257,120.93404791,63.25,4160,62764,906,0,92,466,106333461,111,-83,-12,-,-,3650,100,-94,-20,3650,215,-93,-20,3650,99,-92,-18,3650,389,-96,-20,3650
04/27/23 14:57:04 ,24.68743257,120.93404791,63.25,3484,58796,906,0,92,466,106333461,111,-83,-12,-84,-20,3650,100,-94,-20,3650,215,-93,-20,3650,99,-92,-18,3650,389,-96,-20,3650
04/27/23 14:57:05 ,24.68743257,120.93404791,63.25,4212,62316,906,0,92,466,106333461,111,-93,-13,-84,-20,3650,100,-101,-20,3650,215,-102,-20,3650,99,-102,-20,3650
04/27/23 14:57:06 ,24.68743257,120.93404791,63.25,3900,59004,906,0,92,466,106333461,111,-93,-13,-87,-11,3650,100,-101,-20,3650,215,-102,-20,3650,99,-102,-20,3650
04/27/23 14:57:07 ,24.68743257,120.93404791,63.25,3952,61712,906,0,92,466,106333461,111,-89,-13,-87,-11,3650,92,-98,-20,3650
04/27/23 14:57:08 ,24.68743257,120.93404791,63.25,3328,59244,906,0,92,466,106333461,111,-89,-13,-87,-11,3650,92,-98,-20,3650
04/27/23 14:57:09 ,24.68743257,120.93404791,63.25,1716,58756,906,0,92,466,106333461,111,-82,-12,-94,-11,3650,98,-89,-19,3650,99,-93,-20,3650,389,-94,-20,3650,211,-92,-20,3650
04/27/23 14:57:10 ,24.68743257,120.93404791,63.25,2600,59380,906,0,92,466,106333461,111,-82,-12,-94,-11,3650,98,-89,-19,3650,99,-93,-20,3650,389,-94,-20,3650,211,-92,-20,3650
04/27/23 14:57:12 ,24.68743257,120.93404791,63.25,2496,61932,906,0,92,466,106333461,111,-65,-11,-94,-11,3650,215,-75,-20,3650,98,-74,-20,3650,389,-79,-20,3650
04/27/23 14:57:13 ,24.68743257,120.93404791,63.25,17657,66353,906,0,92,466,106333461,111,-65,-11,-89,-11,3650,215,-75,-20,3650,98,-74,-20,3650,389,-79,-20,3650
04/27/23 14:57:14 ,24.68743257,120.93404791,63.25,2600,61932,906,0,92,466,106333461,111,-79,-14,-89,-11,3650,389,-86,-20,3650,98,-83,-15,3650
04/27/23 14:57:15 ,24.68743257,120.93404791,63.25,988,55293,906,0,92,466,106333461,111,-79,-14,-76,-11,3650,389,-86,-20,3650,98,-83,-15,3650
04/27/23 14:57:16 ,24.68743257,120.93404791,63.25,3796,61531,906,0,92,466,108546827,98,-79,-13,-76,-11,3650,111,-85,-19,3650,23,-88,-20,3650
04/27/23 14:57:17 ,24.68743257,120.93404791,63.25,2548,60724,906,0,92,466,108546827,98,-79,-13,-76,-11,3650,111,-85,-19,3650,23,-88,-20,3650
04/27/23 14:57:18 ,24.68743257,120.93404791,63.25,3016,59088,906,0,92,466,108546827,98,-84,-14,-74,-11,3650,111,-90,-20,3650
04/27/23 14:57:19 ,24.68743257,120.93404791,63.25,2964,60036,906,0,92,466,108546827,98,-84,-14,-74,-11,3650,111,-90,-20,3650
04/27/23 14:57:21 ,24.68743257,120.93404791,63.25,3536,60900,906,0,92,466,108546827,98,-78,-13,-74,-11,3650
04/27/23 14:57:22 ,24.68743257,120.93404791,63.25,2808,58828,906,0,92,466,108546827,98,-78,-13,-73,-11,3650
04/27/23 14:57:23 ,24.68743257,120.93404791,63.25,3536,61452,906,0,92,466,108546827,98,-79,-13,-73,-11,3650,290,-87,-20,3650,370,-86,-20,3650,116,-87,-20,3650
04/27/23 14:57:24 ,24.68743257,120.93404791,63.25,3120,58588,906,0,92,466,108546827,98,-79,-13,-72,-11,3650,290,-87,-20,3650,370,-86,-20,3650,116,-87,-20,3650
04/27/23 14:57:25 ,24.68743257,120.93404791,63.25,3172,60088,906,0,92,466,108546827,98,-80,-14,-72,-11,3650,293,-85,-16,3650
04/27/23 14:57:26 ,24.68743257,120.93404791,63.25,3010,59208,906,0,92,466,108546827,98,-80,-14,-72,-11,3650,293,-85,-16,3650
04/27/23 14:57:27 ,24.68743257,120.93404791,63.25,3848,61556,906,0,92,466,108546827,98,-79,-13,-72,-11,3650,293,-86,-15,3650,290,-87,-19,3650
04/27/23 14:57:28 ,24.68743257,120.93404791,63.25,3536,59166,906,0,92,466,108546827,98,-79,-13,-72,-11,3650,293,-86,-15,3650,290,-87,-19,3650
04/27/23 14:57:30 ,24.68743257,120.93404791,63.25,3432,63017,906,0,92,466,108546827,98,-77,-12,-72,-11,3650,290,-89,-19,3650
04/27/23 14:57:31 ,24.68743257,120.93404791,63.25,3380,58244,906,0,92,466,108546827,98,-77,-12,-69,-11,3650,290,-89,-19,3650
04/27/23 14:57:32 ,24.68743257,120.93404791,63.25,3692,59952,906,0,92,466,108546827,98,-79,-14,-69,-11,3650,293,-85,-18,3650,290,-86,-19,3650
04/27/23 14:57:33 ,24.68743257,120.93404791,63.25,3848,58556,906,0,92,466,108546827,98,-79,-14,-65,-11,3650,293,-85,-18,3650,290,-86,-19,3650
04/27/23 14:57:34 ,24.68743257,120.93404791,63.25,4056,62764,906,0,92,466,108546827,98,-80,-14,-65,-11,3650,290,-86,-18,3650
04/27/23 14:57:35 ,24.68743257,120.93404791,63.25,3640,58900,906,0,92,466,108546827,98,-80,-14,-65,-11,3650,290,-86,-18,3650
04/27/23 14:57:36 ,24.68743257,120.93404791,63.25,3796,63160,906,0,92,466,108546827,98,-82,-14,-67,-11,3650,290,-84,-15,3650,293,-89,-19,3650
04/27/23 14:57:37 ,24.68743257,120.93404791,63.25,3224,60075,906,0,92,466,108546827,98,-82,-14,-67,-11,3650,290,-84,-15,3650,293,-89,-19,3650
04/27/23 14:57:39 ,24.68743257,120.93404791,63.25,3172,60309,906,0,92,466,108546827,98,-86,-13,-67,-11,3650,290,-90,-18,3650,370,-93,-20,3650
04/27/23 14:57:40 ,24.68743257,120.93404791,63.25,3172,59588,906,0,92,466,108546827,98,-86,-13,-76,-11,3650,290,-90,-18,3650,370,-93,-20,3650
04/27/23 14:57:41 ,24.68743257,120.93404791,63.25,3276,61744,906,0,92,466,108546827,98,-85,-13,-76,-11,3650,290,-95,-20,3650,119,-91,-18,3650,465,-93,-20,3650
04/27/23 14:57:42 ,24.68743257,120.93404791,63.25,2912,59536,906,0,92,466,108546827,98,-85,-13,-79,-11,3650,290,-95,-20,3650,119,-91,-18,3650,465,-93,-20,3650
04/27/23 14:57:43 ,24.68743257,120.93404791,63.25,3068,60419,906,0,92,466,108546827,98,-83,-13,-79,-11,3650,119,-87,-17,3650
04/27/23 14:57:44 ,24.68743257,120.93404791,63.25,2756,59153,906,0,92,466,108546827,98,-83,-13,-79,-11,3650,119,-87,-17,3650
04/27/23 14:57:45 ,24.68743257,120.93404791,63.25,3328,59692,906,0,92,466,108546827,98,-80,-14,-71,-11,3650,119,-84,-17,3650
04/27/23 14:57:47 ,24.68743257,120.93404791,63.25,3380,57244,906,0,92,466,108546827,98,-80,-14,-71,-11,3650,119,-84,-17,3650
04/27/23 14:57:48 ,24.68743257,120.93404791,63.25,3120,60789,906,0,92,466,108546827,98,-80,-14,-71,-11,3650,119,-84,-17,3650
04/27/23 14:57:49 ,24.68743257,120.93404791,63.25,0,36649,906,0,92,466,108546827,98,-80,-14,-71,-11,3650,119,-84,-17,3650
04/27/23 14:57:50 ,24.68743257,120.93404791,63.25,0,2487,906,0,000,000,2147483647,119,-81,-13,-,-,3650
04/27/23 14:57:51 ,24.68743257,120.93404791,63.25,0,2104,906,0,000,000,2147483647,119,-81,-13,-,-,3650
04/27/23 14:57:52 ,24.68743257,120.93404791,63.25,0,1486,906,0,92,466,106917663,119,-75,-12,-,-,3650,370,-88,-20,3650,465,-98,-15,3050,214,-101,-18,3050,118,-101,-18,3050,465,-101,-18,1750,211,-105,-20,1750,465,-99,-15,1400
04/27/23 14:57:53 ,24.68743257,120.93404791,63.25,0,0,906,0,92,466,106917663,119,-75,-12,-,-,3650,370,-88,-20,3650,465,-98,-15,3050,214,-101,-18,3050,118,-101,-18,3050,465,-101,-18,1750,211,-105,-20,1750,465,-99,-15,1400
04/27/23 14:57:55 ,24.68743257,120.93404791,63.25,2940,51138,906,0,92,466,108546827,98,-93,-20,-,-,3650
04/27/23 14:57:56 ,24.68743257,120.93404791,63.25,0,0,906,0,92,466,108546827,98,-93,-20,-,-,3650
04/27/23 14:57:57 ,24.68743257,120.93404791,63.25,7588,346490,906,0,92,466,108546827,98,-88,-17,-,-,3650
04/27/23 14:57:58 ,24.68743257,120.93404791,63.25,2184,140078,906,0,92,466,108546827,98,-88,-17,-,-,3650
04/27/23 14:57:59 ,24.68743257,120.93404791,63.25,3168,61099,906,0,000,000,2147483647,119,-80,-12,-,-,3650,98,-90,-20,3650
04/27/23 14:58:00 ,24.68743257,120.93404791,63.25,1352,58838,906,0,000,000,2147483647,119,-80,-12,-,-,3650,98,-90,-20,3650
04/27/23 14:58:01 ,24.68743257,120.93404791,63.25,128,9829,906,0,000,000,2147483647,119,-80,-13,-,-,3650,98,-85,-18,3650
04/27/23 14:58:02 ,24.68743257,120.93404791,63.25,2904,91396,906,0,000,000,2147483647,119,-80,-13,-,-,3650,98,-85,-18,3650
04/27/23 14:58:04 ,24.68743257,120.93404791,63.25,1404,45435,906,0,000,000,2147483647,119,-70,-9,-,-,3650,98,-79,-20,3650
04/27/23 14:58:05 ,24.68743257,120.93404791,63.25,208,15516,906,0,000,000,2147483647,119,-70,-9,-,-,3650,98,-79,-20,3650
04/27/23 14:58:06 ,24.68743257,120.93404791,63.25,104,7069,0,0,92,466,108546827,98,-82,-20,-,-,3650,119,-66,-11,3650
04/27/23 14:58:07 ,24.68743257,120.93404791,63.25,5864,196118,0,0,92,466,108546827,98,-82,-20,-,-,3650,119,-66,-11,3650
04/27/23 14:58:08 ,24.68743257,120.93404791,63.25,3380,61296,0,0,92,466,106917665,119,-78,-11,-,-,1750,98,-90,-17,1750,290,-90,-19,1750,465,-89,-16,1750
04/27/23 14:58:09 ,24.68743257,120.93404791,63.25,3640,60004,0,0,92,466,106917665,119,-78,-11,-,-,1750,98,-90,-17,1750,290,-90,-19,1750,465,-89,-16,1750
04/27/23 14:58:10 ,24.68743257,120.93404791,63.25,3588,59952,0,0,92,466,106917665,119,-84,-12,-66,-11,1750,98,-87,-16,1750,465,-91,-19,1750
04/27/23 14:58:11 ,24.68743257,120.93404791,63.25,3692,61108,0,0,92,466,106917665,119,-84,-12,-66,-11,1750,98,-87,-16,1750,465,-91,-19,1750
04/27/23 14:58:13 ,24.68743257,120.93404791,63.25,3796,59056,0,0,92,466,106917665,119,-84,-12,-65,-11,1750,98,-88,-15,1750,465,-92,-19,1750
04/27/23 14:58:14 ,24.68743257,120.93404791,63.25,3952,58608,0,0,92,466,106917665,119,-84,-12,-65,-11,1750,98,-88,-15,1750,465,-92,-19,1750
04/27/23 14:58:15 ,24.68743257,120.93404791,63.25,4264,61420,0,0,92,466,106917665,119,-85,-12,-65,-11,1750,98,-95,-19,1750,465,-96,-19,1750,371,-97,-19,1750
04/27/23 14:58:16 ,24.68743257,120.93404791,63.25,4316,60868,0,0,92,466,106917665,119,-85,-12,-66,-11,1750,98,-95,-19,1750,465,-96,-19,1750,371,-97,-19,1750
04/27/23 14:58:17 ,24.68743257,120.93404791,63.25,4264,59816,0,0,92,466,106917665,119,-83,-11,-66,-11,1750,98,-94,-18,1750,465,-93,-17,1750
04/27/23 14:58:18 ,24.68743257,120.93404791,63.25,3796,59108,0,0,92,466,106917665,119,-83,-11,-68,-11,1750,98,-94,-18,1750,465,-93,-17,1750
04/27/23 14:58:19 ,24.68743257,120.93404791,63.25,4056,61816,0,0,92,466,106917665,119,-84,-12,-68,-11,1750,295,-92,-19,1750,465,-91,-17,1750
04/27/23 14:58:20 ,24.68743257,120.93404791,63.25,3900,59660,0,0,92,466,106917665,119,-84,-12,-68,-11,1750,295,-92,-19,1750,465,-91,-17,1750
04/27/23 14:58:22 ,24.68743257,120.93404791,63.25,4264,60868,0,0,92,466,106917665,119,-84,-12,-69,-11,1750,465,-94,-20,1750
04/27/23 14:58:23 ,24.68743257,120.93404791,63.25,3744,58834,0,0,92,466,106917665,119,-84,-12,-69,-11,1750,465,-94,-20,1750
04/27/23 14:58:24 ,24.68743257,120.93404791,63.25,4264,61090,0,0,92,466,106917665,119,-82,-12,-69,-11,1750,465,-92,-18,1750,98,-89,-16,1750
04/27/23 14:58:25 ,24.68743257,120.93404791,63.25,4160,60368,0,0,92,466,106917665,119,-82,-12,-65,-11,1750,465,-92,-18,1750,98,-89,-16,1750
04/27/23 14:58:26 ,24.68743257,120.93404791,63.25,4368,61420,0,0,92,466,106917665,119,-82,-12,-65,-11,1750
04/27/23 14:58:27 ,24.68743257,120.93404791,63.25,4108,59212,0,0,92,466,106917665,119,-82,-12,-65,-11,1750
04/27/23 14:58:28 ,24.68743257,120.93404791,63.25,4888,63888,0,0,92,466,106917665,119,-83,-11,-61,-11,1750
04/27/23 14:58:29 ,24.68743257,120.93404791,63.25,4212,59316,0,0,92,466,106917665,119,-83,-11,-61,-11,1750
04/27/23 14:58:31 ,24.68743257,120.93404791,63.25,4432,61088,0,0,92,466,106917665,119,-83,-11,-61,-11,1750
04/27/23 14:58:32 ,24.68743257,120.93404791,63.25,4264,59316,0,0,92,466,106917665,119,-83,-11,-61,-11,1750
04/27/23 14:58:33 ,24.68743257,120.93404791,63.25,4368,60420,0,0,92,466,106917665,119,-83,-11,-61,-11,1750
04/27/23 14:58:34 ,24.68743257,120.93404791,63.25,4472,59920,0,0,92,466,106917665,119,-83,-11,-61,-11,1750
04/27/23 14:58:35 ,24.68743257,120.93404791,63.25,4524,62576,0,0,92,466,106917665,119,-83,-12,-61,-11,1750
04/27/23 14:58:36 ,24.68743257,120.93404791,63.25,4004,60160,0,0,92,466,106917665,119,-83,-12,-61,-11,1750
04/27/23 14:58:37 ,24.68743257,120.93404791,63.25,4160,61316,0,0,92,466,106917665,119,-83,-11,-61,-11,1750
04/27/23 14:58:38 ,24.68743257,120.93404791,63.25,3848,60108,0,0,92,466,106917665,119,-83,-11,-61,-11,1750
04/27/23 14:58:40 ,24.68743257,120.93404791,63.25,4576,62128,0,0,92,466,106917665,119,-83,-11,-62,-11,1750,98,-86,-14,1750,74,-97,-20,1750
04/27/23 14:58:41 ,24.68743257,120.93404791,63.25,4004,58660,0,0,92,466,106917665,119,-83,-11,-62,-11,1750,98,-86,-14,1750,74,-97,-20,1750
04/27/23 14:58:42 ,24.68743257,120.93404791,63.25,4108,61816,0,0,92,466,106917665,119,-84,-12,-62,-11,1750
04/27/23 14:58:43 ,24.68743257,120.93404791,63.25,4420,61906,0,0,92,466,106917665,119,-84,-12,-62,-11,1750
04/27/23 14:58:44 ,24.68743257,120.93404791,63.25,4316,62090,0,0,92,466,106917665,119,-83,-12,-62,-11,1750,465,-90,-18,1750
04/27/23 14:58:45 ,24.68743257,120.93404791,63.25,4108,59146,0,0,92,466,106917665,119,-83,-12,-61,-11,1750,465,-90,-18,1750
04/27/23 14:58:46 ,24.68743257,120.93404791,63.25,4368,60538,0,0,92,466,106917665,119,-82,-12,-61,-11,1750,98,-84,-13,1750
04/27/23 14:58:47 ,24.68743257,120.93404791,63.25,4316,59868,0,0,92,466,106917665,119,-82,-12,-61,-11,1750,98,-84,-13,1750
04/27/23 14:58:49 ,24.68743257,120.93404791,63.25,4316,62524,0,0,92,466,106917665,119,-82,-12,-61,-11,1750,465,-89,-18,1750
04/27/23 14:58:50 ,24.68743257,120.93404791,63.25,4316,59368,0,0,92,466,106917665,119,-82,-12,-61,-11,1750,465,-89,-18,1750
04/27/23 14:58:51 ,24.68743257,120.93404791,63.25,4524,60576,0,0,92,466,106917665,119,-83,-11,-61,-11,1750,465,-90,-18,1750,98,-88,-16,1750
04/27/23 14:58:52 ,24.68743257,120.93404791,63.25,4576,61628,0,0,92,466,106917665,119,-83,-11,-61,-11,1750,465,-90,-18,1750,98,-88,-16,1750
04/27/23 14:58:53 ,24.68743257,120.93404791,63.25,4316,62906,0,0,92,466,106917665,119,-83,-12,-61,-11,1750,465,-93,-20,1750,98,-87,-14,1750
04/27/23 14:58:54 ,24.68743257,120.93404791,63.25,3848,58674,0,0,92,466,106917665,119,-83,-12,-62,-11,1750,465,-93,-20,1750,98,-87,-14,1750
04/27/23 14:58:55 ,24.68743257,120.93404791,63.25,4420,63576,0,0,92,466,106917665,119,-82,-11,-62,-11,1750,465,-92,-17,1750
04/27/23 14:58:57 ,24.68743257,120.93404791,63.25,4576,59076,0,0,92,466,106917665,119,-82,-11,-62,-11,1750,465,-92,-17,1750
04/27/23 14:58:58 ,24.68743257,120.93404791,63.25,4836,63336,0,0,92,466,106917665,119,-83,-11,-63,-11,1750,98,-87,-14,1750
04/27/23 14:58:59 ,24.68743257,120.93404791,63.25,4524,60024,0,0,92,466,106917665,119,-83,-11,-63,-11,1750,98,-87,-14,1750
04/27/23 14:59:00 ,24.68743257,120.93404791,63.25,4617,62173,0,0,92,466,106917665,119,-83,-12,-63,-11,1750,98,-85,-14,1750,465,-90,-18,1750
04/27/23 14:59:01 ,24.68743257,120.93404791,63.25,12319,65491,0,0,92,466,106917665,119,-83,-12,-63,-11,1750,98,-85,-14,1750,465,-90,-18,1750
04/27/23 14:59:02 ,24.68743257,120.93404791,63.25,4212,59764,0,0,92,466,106917665,119,-84,-12,-63,-11,1750,465,-93,-20,1750,98,-85,-13,1750
04/27/23 14:59:03 ,24.68743257,120.93404791,63.25,4628,62180,0,0,92,466,106917665,119,-84,-12,-64,-11,1750,465,-93,-20,1750,98,-85,-13,1750
04/27/23 14:59:04 ,24.68743257,120.93404791,63.25,4108,59712,0,0,92,466,106917665,119,-83,-10,-64,-11,1750,465,-92,-19,1750
04/27/23 14:59:06 ,24.68743257,120.93404791,63.25,3900,58556,0,0,92,466,106917665,119,-83,-10,-64,-11,1750,465,-92,-19,1750
04/27/23 14:59:07 ,24.68743257,120.93404791,63.25,4420,62524,0,0,92,466,106917665,119,-82,-11,-63,-11,1750,465,-89,-18,1750
04/27/23 14:59:08 ,24.68743257,120.93404791,63.25,3900,59108,0,0,92,466,106917665,119,-82,-11,-63,-11,1750,465,-89,-18,1750
04/27/23 14:59:09 ,24.68743257,120.93404791,63.25,3952,61160,0,0,92,466,106917665,119,-84,-11,-63,-11,1750,465,-92,-18,1750,98,-88,-15,1750
04/27/23 14:59:10 ,24.68743257,120.93404791,63.25,4212,60368,0,0,92,466,106917665,119,-84,-11,-61,-11,1750,465,-92,-18,1750,98,-88,-15,1750
04/27/23 14:59:11 ,24.68743257,120.93404791,63.25,4576,63628,0,0,92,466,106917665,119,-83,-11,-61,-11,1750,465,-91,-19,1750,98,-85,-13,1750
04/27/23 14:59:12 ,24.68743257,120.93404791,63.25,4284,62596,0,0,92,466,106917665,119,-83,-11,-61,-11,1750,465,-91,-19,1750,98,-85,-13,1750
04/27/23 14:59:14 ,24.68743257,120.93404791,63.25,4368,62472,0,0,92,466,106917665,119,-83,-12,-61,-11,1750,465,-91,-18,1750,98,-87,-14,1750
04/27/23 14:59:15 ,24.68743257,120.93404791,63.25,4316,60420,0,0,92,466,106917665,119,-83,-12,-61,-11,1750,465,-91,-18,1750,98,-87,-14,1750
04/27/23 14:59:16 ,24.68743257,120.93404791,63.25,3855,61148,0,0,92,466,106917665,119,-83,-11,-61,-11,1750,465,-90,-18,1750
04/27/23 14:59:17 ,24.68743257,120.93404791,63.25,4004,59264,0,0,92,466,106917665,119,-83,-11,-61,-11,1750,465,-90,-18,1750
04/27/23 14:59:18 ,24.68743257,120.93404791,63.25,3744,60438,0,0,92,466,106917665,119,-84,-12,-61,-11,1750,465,-90,-17,1750
04/27/23 14:59:19 ,24.68743257,120.93404791,63.25,4420,60868,0,0,92,466,106917665,119,-84,-12,-61,-11,1750,465,-90,-17,1750
04/27/23 14:59:20 ,24.68743257,120.93404791,63.25,4264,60868,0,0,92,466,106917665,119,-83,-11,-61,-11,1750,465,-91,-18,1750,98,-88,-16,1750,65,-94,-20,1750
04/27/23 14:59:21 ,24.68743257,120.93404791,63.25,4160,59816,0,0,92,466,106917665,119,-83,-11,-61,-11,1750,465,-91,-18,1750,98,-88,-16,1750,65,-94,-20,1750
04/27/23 14:59:23 ,24.68743257,120.93404791,63.25,4420,62076,0,0,92,466,106917665,119,-83,-12,-61,-11,1750,465,-92,-19,1750
04/27/23 14:59:24 ,24.68743257,120.93404791,63.25,4576,61128,0,0,92,466,106917665,119,-83,-12,-61,-11,1750,465,-92,-19,1750
04/27/23 14:59:25 ,24.68743257,120.93404791,63.25,4420,63680,0,0,92,466,106917665,119,-82,-12,-60,-11,1750,465,-91,-19,1750
04/27/23 14:59:26 ,24.68743257,120.93404791,63.25,4316,58368,0,0,92,466,106917665,119,-82,-12,-60,-11,1750,465,-91,-19,1750
04/27/23 14:59:27 ,24.68743257,120.93404791,63.25,4316,61420,0,0,92,466,106917665,119,-82,-12,-60,-11,1750,465,-90,-19,1750
04/27/23 14:59:28 ,24.68743257,120.93404791,63.25,4160,58212,0,0,92,466,106917665,119,-82,-12,-60,-11,1750,465,-90,-19,1750
04/27/23 14:59:29 ,24.68743257,120.93404791,63.25,4368,64628,0,0,92,466,106917665,119,-82,-11,-60,-11,1750,98,-88,-17,1750,465,-90,-19,1750
04/27/23 14:59:31 ,24.68743257,120.93404791,63.25,4316,59368,0,0,92,466,106917665,119,-82,-11,-61,-11,1750,98,-88,-17,1750,465,-90,-19,1750
04/27/23 14:59:32 ,24.68743257,120.93404791,63.25,4316,61420,0,0,92,466,106917665,119,-82,-11,-61,-11,1750,98,-87,-15,1750,465,-90,-18,1750
04/27/23 14:59:33 ,24.68743257,120.93404791,63.25,4316,60420,0,0,92,466,106917665,119,-82,-11,-61,-11,1750,98,-87,-15,1750,465,-90,-18,1750
04/27/23 14:59:34 ,24.68743257,120.93404791,63.25,4056,61816,0,0,92,466,106917665,119,-82,-12,-61,-11,1750
04/27/23 14:59:35 ,24.68743257,120.93404791,63.25,4316,59368,0,0,92,466,106917665,119,-82,-12,-61,-11,1750
04/27/23 14:59:36 ,24.68743257,120.93404791,63.25,4056,63095,0,0,92,466,106917665,119,-82,-10,-63,-11,1750,465,-93,-20,1750,98,-86,-13,1750
04/27/23 14:59:37 ,24.68743257,120.93404791,63.25,4108,59329,0,0,92,466,106917665,119,-82,-10,-63,-11,1750,465,-93,-20,1750,98,-86,-13,1750
04/27/23 14:59:38 ,24.68743257,120.93404791,63.25,4108,59712,0,0,92,466,106917665,119,-81,-10,-63,-11,1750,465,-89,-19,1750,98,-91,-19,1750
04/27/23 14:59:40 ,24.68743257,120.93404791,63.25,3744,60452,0,0,92,466,106917665,119,-81,-10,-67,-11,1750,465,-89,-19,1750,98,-91,-19,1750
04/27/23 14:59:41 ,24.68743257,120.93404791,63.25,3900,59660,0,0,92,466,106917665,119,-81,-10,-67,-11,1750,465,-92,-20,1750,98,-90,-17,1750
04/27/23 14:59:42 ,24.68743257,120.93404791,63.25,3900,59608,0,0,92,466,106917665,119,-81,-10,-67,-11,1750,465,-92,-20,1750,98,-90,-17,1750
04/27/23 14:59:43 ,24.68743257,120.93404791,63.25,3692,60504,0,0,92,466,106917665,119,-79,-9,-67,-11,1750,465,-87,-19,1750,98,-87,-19,1750
04/27/23 14:59:44 ,24.68743257,120.93404791,63.25,3796,60056,0,0,92,466,106917665,119,-79,-9,-67,-11,1750,465,-87,-19,1750,98,-87,-19,1750
04/27/23 14:59:45 ,24.68743257,120.93404791,63.25,4160,60264,0,0,92,466,106917665,119,-79,-10,-69,-11,1750,465,-90,-20,1750
04/27/23 14:59:46 ,24.68743257,120.93404791,63.25,4108,61316,0,0,92,466,106917665,119,-79,-10,-69,-11,1750,465,-90,-20,1750
04/27/23 14:59:47 ,24.68743257,120.93404791,63.25,3692,61004,0,0,92,466,106917665,119,-79,-10,-69,-11,1750,465,-91,-20,1750,98,-90,-20,1750
04/27/23 14:59:49 ,24.68743257,120.93404791,63.25,3744,58452,0,0,92,466,106917665,119,-79,-10,-71,-11,1750,465,-91,-20,1750,98,-90,-20,1750
04/27/23 14:59:50 ,24.68743257,120.93404791,63.25,3588,60900,0,0,92,466,106917665,119,-80,-11,-71,-11,1750,465,-94,-20,1750,118,-93,-19,1750,280,-94,-20,1750
04/27/23 14:59:51 ,24.68743257,120.93404791,63.25,3900,60108,0,0,92,466,106917665,119,-80,-11,-71,-11,1750,465,-94,-20,1750,118,-93,-19,1750,280,-94,-20,1750
04/27/23 14:59:52 ,24.68743257,120.93404791,63.25,3640,60504,0,0,92,466,106917665,119,-84,-13,-73,-11,1750,465,-94,-18,1750,118,-92,-18,1750,290,-94,-19,1750,117,-94,-18,1750,98,-95,-20,1750
04/27/23 14:59:53 ,24.68743257,120.93404791,63.25,3276,59692,0,0,92,466,106917665,119,-84,-13,-73,-11,1750,465,-94,-18,1750,118,-92,-18,1750,290,-94,-19,1750,117,-94,-18,1750,98,-95,-20,1750
04/27/23 14:59:54 ,24.68743257,120.93404791,63.25,3744,61056,0,0,92,466,106917665,119,-78,-10,-72,-11,1750,465,-93,-20,1750,118,-86,-16,1750
04/27/23 14:59:55 ,24.68743257,120.93404791,63.25,3432,59296,0,0,92,466,106917665,119,-78,-10,-72,-11,1750,465,-93,-20,1750,118,-86,-16,1750
04/27/23 14:59:56 ,24.68743257,120.93404791,63.25,2912,61276,0,0,92,466,106917665,119,-89,-20,-72,-11,1750,465,-89,-20,1750,118,-82,-13,1750,98,-87,-18,1750
04/27/23 14:59:58 ,24.68743257,120.93404791,63.25,3484,58244,0,0,92,466,106917665,119,-89,-20,-72,-11,1750,465,-89,-20,1750,118,-82,-13,1750,98,-87,-18,1750
04/27/23 14:59:59 ,24.68743257,120.93404791,63.25,3796,60122,0,0,92,466,106917655,118,-78,-11,-72,-11,1750,98,-87,-18,1750
04/27/23 15:00:00 ,24.68743257,120.93404791,63.25,3288,59258,0,0,92,466,106917655,118,-78,-11,-72,-11,1750,98,-87,-18,1750
04/27/23 15:00:01 ,24.68743257,120.93404791,63.25,4264,61264,0,0,92,466,106917655,118,-77,-12,-73,-11,1750,98,-88,-20,1750,290,-86,-20,1750
04/27/23 15:00:02 ,24.68743257,120.93404791,63.25,2860,56932,0,0,92,466,106917655,118,-77,-12,-73,-11,1750,98,-88,-20,1750,290,-86,-20,1750
04/27/23 15:00:03 ,24.68743257,120.93404791,63.25,3432,60730,0,0,92,466,106917655,118,-77,-12,-78,-11,1750,295,-92,-20,1750
04/27/23 15:00:04 ,24.68743257,120.93404791,63.25,2808,59102,0,0,92,466,106917655,118,-77,-12,-78,-11,1750,295,-92,-20,1750
04/27/23 15:00:06 ,24.68743257,120.93404791,63.25,2808,63140,0,0,92,466,106917655,118,-90,-16,-78,-11,1750,92,-95,-18,1750,465,-95,-20,1750,290,-93,-18,1750
04/27/23 15:00:07 ,24.68743257,120.93404791,63.25,2860,59036,0,0,92,466,106917655,118,-90,-16,-85,-13,1750,92,-95,-18,1750,465,-95,-20,1750,290,-93,-18,1750
04/27/23 15:00:08 ,24.68743257,120.93404791,63.25,2600,60262,0,0,92,466,106917655,118,-96,-20,-85,-13,1750,92,-94,-17,1750,290,-93,-17,1750,98,-93,-18,1750
04/27/23 15:00:09 ,24.68743257,120.93404791,63.25,3692,58570,0,0,92,466,106917655,118,-96,-20,-85,-13,1750,92,-94,-17,1750,290,-93,-17,1750,98,-93,-18,1750
04/27/23 15:00:10 ,24.68743257,120.93404791,63.25,3900,60608,0,0,92,466,106349119,290,-92,-20,-85,-15,1750,92,-92,-16,1750,114,-91,-17,1750,295,-95,-20,1750
04/27/23 15:00:11 ,24.68743257,120.93404791,63.25,4264,59868,0,0,92,466,106349119,290,-92,-20,-85,-15,1750,92,-92,-16,1750,114,-91,-17,1750,295,-95,-20,1750
04/27/23 15:00:12 ,24.68743257,120.93404791,63.25,4384,63088,0,0,92,466,106349119,290,-95,-20,-81,-12,1750,92,-93,-14,1750,465,-94,-20,1750,118,-93,-19,1750
04/27/23 15:00:13 ,24.68743257,120.93404791,63.25,3524,58959,0,0,92,466,106349119,290,-95,-20,-81,-12,1750,92,-93,-14,1750,465,-94,-20,1750,118,-93,-19,1750
04/27/23 15:00:15 ,24.68743257,120.93404791,63.25,4108,61316,0,0,92,466,108546859,92,-87,-14,-81,-12,1750,465,-94,-20,1750,114,-91,-17,1750,370,-94,-20,1750
04/27/23 15:00:16 ,24.68743257,120.93404791,63.25,4160,61368,0,0,92,466,108546859,92,-87,-14,-80,-12,1750,465,-94,-20,1750,114,-91,-17,1750,370,-94,-20,1750
04/27/23 15:00:17 ,24.68743257,120.93404791,63.25,4212,59816,0,0,92,466,108546859,92,-85,-14,-80,-12,1750,465,-93,-20,1750,114,-91,-18,1750,151,-94,-20,1750
04/27/23 15:00:18 ,24.68743257,120.93404791,63.25,3016,58159,0,0,92,466,108546859,92,-85,-14,-81,-12,1750,465,-93,-20,1750,114,-91,-18,1750,151,-94,-20,1750
04/27/23 15:00:19 ,24.68743257,120.93404791,63.25,4108,62381,0,0,92,466,108546859,92,-81,-13,-80,-11,1750,114,-91,-19,1750,465,-92,-20,1750
04/27/23 15:00:20 ,24.68743257,120.93404791,63.25,3224,58588,0,0,92,466,108546859,92,-81,-13,-80,-11,1750,114,-91,-19,1750,465,-92,-20,1750
04/27/23 15:00:21 ,24.68743257,120.93404791,63.25,3744,60556,0,0,92,466,108546859,92,-83,-13,-76,-11,1750,91,-94,-19,1750,465,-95,-19,1750
04/27/23 15:00:22 ,24.68743257,120.93404791,63.25,3588,58848,0,0,92,466,108546859,92,-83,-13,-76,-11,1750,91,-94,-19,1750,465,-95,-19,1750
04/27/23 15:00:24 ,24.68743257,120.93404791,63.25,4004,61660,0,0,92,466,108546859,92,-80,-12,-76,-11,1750,114,-91,-20,1750
04/27/23 15:00:25 ,24.68743257,120.93404791,63.25,3952,61212,0,0,92,466,108546859,92,-80,-12,-71,-11,1750,114,-91,-20,1750
04/27/23 15:00:26 ,24.68743257,120.93404791,63.25,3848,60108,0,0,92,466,108546859,92,-77,-12,-71,-11,1750,114,-87,-19,1750,91,-89,-20,1750,243,-90,-20,1750
04/27/23 15:00:27 ,24.68743257,120.93404791,63.25,4056,59764,0,0,92,466,108546859,92,-77,-12,-71,-11,1750,114,-87,-19,1750,91,-89,-20,1750,243,-90,-20,1750
04/27/23 15:00:28 ,24.68743257,120.93404791,63.25,3484,61387,0,0,92,466,108546859,92,-78,-12,-60,-11,1750,91,-88,-20,1750
04/27/23 15:00:29 ,24.68743257,120.93404791,63.25,3484,61452,0,0,92,466,108546859,92,-78,-12,-60,-11,1750,91,-88,-20,1750
04/27/23 15:00:30 ,24.68743257,120.93404791,63.25,4732,61732,0,0,92,466,108546859,92,-89,-15,-54,-11,1750,91,-93,-16,1750,465,-97,-20,1750
04/27/23 15:00:31 ,24.68743257,120.93404791,63.25,3432,59378,0,0,92,466,108546859,92,-89,-15,-61,-12,1750,91,-93,-16,1750,465,-97,-20,1750
04/27/23 15:00:33 ,24.68743257,120.93404791,63.25,2964,60992,0,0,92,466,108546859,92,-87,-15,-61,-12,1750,91,-84,-14,1750
04/27/23 15:00:34 ,24.68743257,120.93404791,63.25,3224,59744,0,0,92,466,108546859,92,-87,-15,-61,-12,1750,91,-84,-14,1750
04/27/23 15:00:35 ,24.68743257,120.93404791,63.25,4160,61316,0,0,92,466,108546859,92,-74,-13,-61,-12,1750,91,-83,-20,1750,465,-83,-20,1750
04/27/23 15:00:36 ,24.68743257,120.93404791,63.25,3640,60056,0,0,92,466,108546859,92,-74,-13,-61,-12,1750,91,-83,-20,1750,465,-83,-20,1750
04/27/23 15:00:37 ,24.68743257,120.93404791,63.25,3744,61056,0,0,92,466,108546859,92,-74,-13,-58,-11,1750,91,-82,-18,1750,398,-84,-20,1750,228,-85,-20,1750
04/27/23 15:00:38 ,24.68743257,120.93404791,63.25,3796,60108,0,0,92,466,108546859,92,-74,-13,-58,-11,1750,91,-82,-18,1750,398,-84,-20,1750,228,-85,-20,1750
04/27/23 15:00:39 ,24.68743257,120.93404791,63.25,3692,62108,0,0,92,466,108546859,92,-75,-14,-69,-11,1750,91,-87,-20,1750,398,-87,-19,1750,418,-86,-20,1750
04/27/23 15:00:41 ,24.68743257,120.93404791,63.25,2964,59036,0,0,92,466,108546859,92,-75,-14,-69,-11,1750,91,-87,-20,1750,398,-87,-19,1750,418,-86,-20,1750
04/27/23 15:00:42 ,24.68743257,120.93404791,63.25,3640,63108,0,0,92,466,108546859,92,-78,-14,-69,-11,1750,91,-85,-17,1750,398,-91,-20,1750
04/27/23 15:00:43 ,24.68743257,120.93404791,63.25,2912,57632,0,0,92,466,108546859,92,-78,-14,-82,-12,1750,91,-85,-17,1750,398,-91,-20,1750
04/27/23 15:00:44 ,24.68743257,120.93404791,63.25,4212,64038,0,0,92,466,108546859,92,-82,-14,-82,-12,1750,91,-91,-19,1750,398,-93,-19,1750,114,-92,-19,1750
04/27/23 15:00:45 ,24.68743257,120.93404791,63.25,3796,58504,0,0,92,466,108546859,92,-82,-14,-82,-12,1750,91,-91,-19,1750,398,-93,-19,1750,114,-92,-19,1750
04/27/23 15:00:46 ,24.68743257,120.93404791,63.25,4524,62576,0,0,92,466,108546859,92,-87,-15,-83,-12,1750,215,-97,-20,1750,216,-94,-19,1750,114,-95,-20,1750,392,-95,-20,1750
04/27/23 15:00:47 ,24.68743257,120.93404791,63.25,4108,59212,0,0,92,466,108546859,92,-87,-15,-83,-12,1750,215,-97,-20,1750,216,-94,-19,1750,114,-95,-20,1750,392,-95,-20,1750
04/27/23 15:00:48 ,24.68743257,120.93404791,63.25,4472,60972,0,0,92,466,108546859,92,-88,-16,-82,-12,1750,465,-96,-20,1750
04/27/23 15:00:50 ,24.68743257,120.93404791,63.25,4264,59816,0,0,92,466,108546859,92,-88,-16,-82,-12,1750,465,-96,-20,1750
04/27/23 15:00:51 ,24.68743257,120.93404791,63.25,4784,61284,0,0,92,466,108546859,92,-92,-17,-82,-12,1750,228,-97,-19,1750,122,-99,-20,1750
04/27/23 15:00:52 ,24.68743257,120.93404791,63.25,4524,62393,0,0,92,466,108546859,92,-92,-17,-82,-12,1750,228,-97,-19,1750,122,-99,-20,1750
04/27/23 15:00:53 ,24.68743257,120.93404791,63.25,4316,60103,0,0,000,000,2147483647,114,-95,-15,-82,-12,1750,92,-99,-20,1750,220,-100,-18,1750,215,-98,-18,1750
04/27/23 15:00:54 ,24.68743257,120.93404791,63.25,4472,59420,0,0,000,000,2147483647,114,-95,-15,-82,-12,1750,92,-99,-20,1750,220,-100,-18,1750,215,-98,-18,1750
04/27/23 15:00:55 ,24.68743257,120.93404791,63.25,5096,63648,0,0,92,466,105982743,114,-96,-17,-83,-11,1750,215,-99,-17,1750,92,-101,-18,1750,220,-103,-20,1750,136,-104,-20,1750,212,-100,-16,1750
04/27/23 15:00:56 ,24.68743257,120.93404791,63.25,5044,62096,0,0,92,466,105982743,114,-96,-17,-83,-11,1750,215,-99,-17,1750,92,-101,-18,1750,220,-103,-20,1750,136,-104,-20,1750,212,-100,-16,1750
04/27/23 15:00:58 ,24.68743257,120.93404791,63.25,3900,60242,0,0,92,466,105982743,114,-92,-12,-85,-12,1750,215,-104,-20,1750,92,-100,-18,1750,228,-103,-20,1750,136,-100,-17,1750,212,-102,-20,1750,135,-101,-19,1750
04/27/23 15:00:59 ,24.68743257,120.93404791,63.25,2080,59898,0,0,92,466,105982743,114,-92,-12,-85,-12,1750,215,-104,-20,1750,92,-100,-18,1750,228,-103,-20,1750,136,-100,-17,1750,212,-102,-20,1750,135,-101,-19,1750
04/27/23 15:01:00 ,24.68743257,120.93404791,63.25,2184,62134,0,0,92,466,105982743,114,-92,-13,-85,-12,1750,277,-101,-18,1750,234,-102,-17,1750
04/27/23 15:01:01 ,24.68743257,120.93404791,63.25,1476,54601,0,0,92,466,105982743,114,-92,-13,-93,-13,1750,277,-101,-18,1750,234,-102,-17,1750
04/27/23 15:01:02 ,24.68743257,120.93404791,63.25,504,28099,0,0,92,466,106952491,234,-86,-12,-93,-13,1750,114,-97,-19,1750,183,-100,-20,1750
04/27/23 15:01:03 ,24.68743257,120.93404791,63.25,312,12860,0,0,92,466,106952491,234,-86,-12,-99,-14,1750,114,-97,-19,1750,183,-100,-20,1750
04/27/23 15:01:04 ,24.68743257,120.93404791,63.25,520,17111,0,0,92,466,106952491,234,-64,-10,-99,-14,1750
04/27/23 15:01:05 ,24.68743257,120.93404791,63.25,1820,94081,0,0,92,466,106952491,234,-64,-10,-99,-14,1750
04/27/23 15:01:07 ,24.68743257,120.93404791,63.25,1352,47135,0,0,92,466,106952491,234,-90,-14,-100,-14,1750,135,-99,-20,1750
04/27/23 15:01:08 ,24.68743257,120.93404791,63.25,832,40726,0,0,92,466,106952491,234,-90,-14,-100,-14,1750,135,-99,-20,1750
04/27/23 15:01:09 ,24.68743257,120.93404791,63.25,6292,168795,0,0,92,466,106952491,234,-87,-12,-100,-14,1750,136,-96,-19,1750,495,-98,-20,1750
04/27/23 15:01:10 ,24.68743257,120.93404791,63.25,4264,57868,0,0,92,466,106952491,234,-87,-12,-96,-13,1750,136,-96,-19,1750,495,-98,-20,1750
04/27/23 15:01:11 ,24.68743257,120.93404791,63.25,2024,60138,0,0,92,466,106952491,234,-84,-11,-96,-13,1750,135,-99,-20,1750
04/27/23 15:01:12 ,24.68743257,120.93404791,63.25,780,55978,0,0,92,466,106952491,234,-84,-11,-96,-13,1750,135,-99,-20,1750
04/27/23 15:01:13 ,24.68743257,120.93404791,63.25,3064,69915,102400,51200,92,466,106952491,234,-78,-11,-96,-13,1750,234,-67,-13,3050,234,-70,-13,3400,234,-76,-13,1400
04/27/23 15:01:15 ,24.68743257,120.93404791,63.25,3120,60775,102400,51200,92,466,106952491,234,-78,-11,-96,-13,1750,234,-67,-13,3050,234,-70,-13,3400,234,-76,-13,1400
04/27/23 15:01:16 ,24.68743257,120.93404791,63.25,2340,61555,102400,51200,92,466,106952491,234,-85,-11,-,-,1750,234,-70,-13,3050,234,-75,-13,3400,234,-83,-13,1400
04/27/23 15:01:17 ,24.68743257,120.93404791,63.25,2236,56963,102400,51200,92,466,106952491,234,-85,-11,-113,-17,1750,234,-70,-13,3050,234,-75,-13,3400,234,-83,-13,1400
04/27/23 15:01:18 ,24.68743257,120.93404791,63.25,2184,59347,102400,51200,92,466,106952491,234,-88,-11,-113,-17,1750,235,-99,-20,1750,234,-74,-12,3050,234,-78,-13,3400,234,-81,-13,1400
04/27/23 15:01:19 ,24.68743257,120.93404791,63.25,2288,57251,102400,51200,92,466,106952491,234,-88,-11,-113,-12,1750,235,-99,-20,1750,234,-74,-12,3050,234,-78,-13,3400,234,-81,-13,1400
04/27/23 15:01:20 ,24.68743257,120.93404791,63.25,1820,58299,102400,51200,92,466,106952491,234,-86,-12,-113,-12,1750,235,-92,-19,1750,234,-73,-13,3050,234,-70,-13,3400,234,-83,-13,1400
04/27/23 15:01:21 ,24.68743257,120.93404791,63.25,1716,57406,102400,51200,92,466,106952491,234,-86,-12,-113,-12,1750,235,-92,-19,1750,234,-73,-13,3050,234,-70,-13,3400,234,-83,-13,1400
04/27/23 15:01:23 ,24.68743257,120.93404791,63.25,1872,62595,102400,51200,92,466,106952491,234,-84,-14,-113,-12,1750,235,-89,-17,1750,234,-71,-13,3050,234,-71,-13,3400,234,-82,-15,1400,235,-85,-17,1400
04/27/23 15:01:24 ,24.68743257,120.93404791,63.25,2652,59158,102400,51200,92,466,106952491,234,-84,-14,-113,-12,1750,235,-89,-17,1750,234,-71,-13,3050,234,-71,-13,3400,234,-82,-15,1400,235,-85,-17,1400
04/27/23 15:01:25 ,24.68743257,120.93404791,63.25,3172,59206,102400,51200,92,466,106952501,235,-77,-12,-107,-13,1750,234,-88,-19,1750
04/27/23 15:01:26 ,24.68743257,120.93404791,63.25,3484,59679,102400,51200,92,466,106952501,235,-77,-12,-107,-13,1750,234,-88,-19,1750
04/27/23 15:01:27 ,24.68743257,120.93404791,63.25,3796,61173,102400,51200,92,466,106952501,235,-74,-11,-107,-13,1750,234,-87,-20,1750
04/27/23 15:01:28 ,24.68743257,120.93404791,63.25,2444,59158,102400,51200,92,466,106952501,235,-74,-11,-105,-11,1750,234,-87,-20,1750
04/27/23 15:01:29 ,24.68743257,120.93404791,63.25,3380,63584,102400,51200,92,466,106952501,235,-72,-11,-105,-11,1750
04/27/23 15:01:31 ,24.68743257,120.93404791,63.25,2704,59880,102400,51200,92,466,106952501,235,-72,-11,-105,-11,1750
04/27/23 15:01:32 ,24.68743257,120.93404791,63.25,3744,63004,102400,51200,92,466,106952501,235,-72,-11,-101,-11,1750
04/27/23 15:01:33 ,24.68743257,120.93404791,63.25,3328,59296,102400,51200,92,466,106952501,235,-72,-11,-101,-11,1750
04/27/23 15:01:34 ,24.68743257,120.93404791,63.25,2028,57051,102400,51200,92,466,106952501,235,-72,-11,-97,-11,1750
04/27/23 15:01:35 ,24.68743257,120.93404791,63.25,312,51511,102400,51200,92,466,106952501,235,-72,-11,-97,-11,1750
04/27/23 15:01:36 ,24.68743257,120.93404791,63.25,156,24289,102400,51200,92,466,106952501,235,-72,-12,-97,-11,1750
04/27/23 15:01:37 ,24.68743257,120.93404791,63.25,104,4252,102400,51200,92,466,106952501,235,-72,-12,-92,-12,1750
04/27/23 15:01:38 ,24.68743257,120.93404791,63.25,156,5685,102400,51200,92,466,106952501,235,-88,-14,-92,-12,1750,395,-95,-17,1750
04/27/23 15:01:40 ,24.68743257,120.93404791,63.25,572,24075,102400,51200,92,466,106952501,235,-88,-14,-92,-12,1750,395,-95,-17,1750
04/27/23 15:01:41 ,24.68743257,120.93404791,63.25,156,7068,102400,51200,92,466,106952501,235,-91,-12,-92,-13,1750,173,-100,-19,1750
04/27/23 15:01:42 ,24.68743257,120.93404791,63.25,3128,179847,102400,51200,92,466,106952501,235,-91,-12,-92,-13,1750,173,-100,-19,1750
04/27/23 15:01:43 ,24.68743257,120.93404791,63.25,3244,174430,102400,51200,92,466,106952501,235,-78,-11,-91,-11,1750
04/27/23 15:01:44 ,24.68743257,120.93404791,63.25,1344,15776,102400,51200,92,466,106952501,235,-78,-11,-91,-11,1750
04/27/23 15:01:45 ,24.68743257,120.93404791,63.25,128,1435,102400,51200,92,466,106952501,235,-88,-11,-91,-11,1750
04/27/23 15:01:46 ,24.68743257,120.93404791,63.25,320,5738,102400,51200,92,466,106952501,235,-88,-11,-89,-11,1750
04/27/23 15:01:48 ,24.68743257,120.93404791,63.25,448,8607,102400,51200,92,466,106952501,235,-69,-12,-89,-11,1750
04/27/23 15:01:49 ,24.68743257,120.93404791,63.25,896,17218,102400,51200,92,466,106952501,235,-69,-12,-86,-11,1750
04/27/23 15:01:50 ,24.68743257,120.93404791,63.25,5932,252410,102400,51200,92,466,106952501,235,-80,-12,-86,-11,1750
04/27/23 15:01:51 ,24.68743257,120.93404791,63.25,4212,116833,102400,51200,92,466,106952501,235,-80,-12,-86,-11,1750
04/27/23 15:01:52 ,24.68743257,120.93404791,63.25,2808,61550,102400,51200,92,466,106952501,235,-89,-12,-76,-11,1750
04/27/23 15:01:53 ,24.68743257,120.93404791,63.25,2288,60724,102400,51200,92,466,106952501,235,-89,-12,-76,-11,1750
04/27/23 15:01:54 ,24.68743257,120.93404791,63.25,1768,58191,102400,51200,92,466,106952501,235,-84,-11,-76,-11,1750
04/27/23 15:01:56 ,24.68743257,120.93404791,63.25,2600,60380,102400,51200,92,466,106952501,235,-84,-11,-73,-11,1750
04/27/23 15:01:57 ,24.68743257,120.93404791,63.25,1404,59245,102400,51200,92,466,106952501,235,-61,-11,-73,-11,1750
04/27/23 15:01:58 ,24.68743257,120.93404791,63.25,364,57316,102400,51200,92,466,106952501,235,-61,-11,-87,-11,1750
04/27/23 15:01:59 ,24.68743257,120.93404791,63.25,1872,59160,102400,51200,92,466,106952501,235,-88,-12,-87,-11,1750
04/27/23 15:02:00 ,24.68743257,120.93404791,63.25,3536,58482,102400,51200,92,466,106952501,235,-88,-12,-87,-11,1750
04/27/23 15:02:01 ,24.68743257,120.93404791,63.25,2288,61555,102400,51200,92,466,106952501,235,-95,-12,-105,-11,1750,430,-109,-20,1750
04/27/23 15:02:02 ,24.68743257,120.93404791,63.25,2392,59511,102400,51200,92,466,106952501,235,-95,-12,-105,-11,1750,430,-109,-20,1750
04/27/23 15:02:04 ,24.68743257,120.93404791,63.25,2132,60412,102400,51200,92,466,106952501,235,-87,-12,-,-,1750,430,-96,-19,1750
04/27/23 15:02:05 ,24.68743257,120.93404791,63.25,1976,57964,102400,51200,92,466,106952501,235,-87,-12,-,-,1750,430,-96,-19,1750
04/27/23 15:02:06 ,24.68743257,120.93404791,63.25,3328,59692,102400,51200,92,466,106952501,235,-81,-12,-,-,1750
04/27/23 15:02:07 ,24.68743257,120.93404791,63.25,3588,60348,102400,51200,92,466,106952501,235,-81,-12,-,-,1750
04/27/23 15:02:08 ,24.68743257,120.93404791,63.25,3536,61848,102400,51200,92,466,106952501,235,-78,-11,-77,-12,1750
04/27/23 15:02:09 ,24.68743257,120.93404791,63.25,3380,60744,102400,51200,92,466,106952501,235,-78,-11,-77,-12,1750
04/27/23 15:02:10 ,24.68743257,120.93404791,63.25,2600,60697,102400,51200,92,466,106952501,235,-77,-14,-77,-11,1750,237,-83,-17,1750
04/27/23 15:02:11 ,24.68743257,120.93404791,63.25,3640,59049,102400,51200,92,466,106952501,235,-77,-14,-77,-11,1750,237,-83,-17,1750
04/27/23 15:02:13 ,24.68743257,120.93404791,63.25,2340,59290,102400,51200,92,466,106952501,235,-80,-15,-,-,1750,237,-79,-14,1750
04/27/23 15:02:14 ,24.68743257,120.93404791,63.25,2756,59984,102400,51200,92,466,106952501,235,-80,-15,-,-,1750,237,-79,-14,1750
04/27/23 15:02:15 ,24.68743257,120.93404791,63.25,3276,61192,102400,51200,92,466,106333965,237,-77,-12,-,-,1750
04/27/23 15:02:16 ,24.68743257,120.93404791,63.25,3016,60523,102400,51200,92,466,106333965,237,-77,-12,-81,-11,1750
04/27/23 15:02:17 ,24.68743257,120.93404791,63.25,3484,62621,102400,51200,92,466,106333965,237,-77,-11,-81,-11,1750
04/27/23 15:02:18 ,24.68743257,120.93404791,63.25,2600,57672,102400,51200,92,466,106333965,237,-77,-11,-81,-11,1750
04/27/23 15:02:19 ,24.68743257,120.93404791,63.25,2756,61484,102400,51200,92,466,106333965,237,-73,-11,-81,-11,1750
04/27/23 15:02:21 ,24.68743257,120.93404791,63.25,2444,58224,102400,51200,92,466,106333965,237,-73,-11,-81,-11,1750
04/27/23 15:02:22 ,24.68743257,120.93404791,63.25,2652,61984,102400,51200,92,466,106333965,237,-77,-12,-81,-11,1750
04/27/23 15:02:23 ,24.68743257,120.93404791,63.25,2236,60776,102400,51200,92,466,106333965,237,-77,-12,-81,-11,1750
04/27/23 15:02:24 ,24.68743257,120.93404791,63.25,1508,58935,102400,51200,92,466,106333965,237,-76,-10,-81,-11,1750
04/27/23 15:02:25 ,24.68743257,120.93404791,63.25,832,60998,102400,51200,92,466,106333965,237,-76,-10,-80,-11,1750
04/27/23 15:02:26 ,24.68743257,120.93404791,63.25,676,51639,102400,51200,92,466,106333965,237,-78,-11,-80,-11,1750
04/27/23 15:02:27 ,24.68743257,120.93404791,63.25,1192,50651,102400,51200,92,466,106333965,237,-78,-11,-80,-11,1750
04/27/23 15:02:29 ,24.68743257,120.93404791,63.25,5436,80022,102400,51200,92,466,106333965,237,-75,-11,-80,-11,1750
04/27/23 15:02:30 ,24.68743257,120.93404791,63.25,3380,58744,102400,51200,92,466,106333965,237,-75,-11,-80,-11,1750
04/27/23 15:02:31 ,24.68743257,120.93404791,63.25,3068,60971,102400,51200,92,466,106333965,237,-78,-11,-80,-11,1750,20,-85,-18,1750
04/27/23 15:02:32 ,24.68743257,120.93404791,63.25,2756,61049,102400,51200,92,466,106333965,237,-78,-11,-80,-11,1750,20,-85,-18,1750
04/27/23 15:02:33 ,24.68743257,120.93404791,63.25,2444,58620,102400,51200,92,466,106333965,237,-76,-11,-80,-11,1750
04/27/23 15:02:34 ,24.68743257,120.93404791,63.25,2132,56847,102400,51200,92,466,106333965,237,-76,-11,-80,-11,1750
04/27/23 15:02:35 ,24.68743257,120.93404791,63.25,676,58722,102400,51200,92,466,106333965,237,-73,-11,-80,-11,1750
04/27/23 15:02:36 ,24.68743257,120.93404791,63.25,416,50051,102400,51200,92,466,106333965,237,-73,-11,-80,-11,1750
04/27/23 15:02:38 ,24.68743257,120.93404791,63.25,676,20142,102400,51200,92,466,106333965,237,-76,-11,-80,-11,1750
04/27/23 15:02:39 ,24.68743257,120.93404791,63.25,312,285,102400,51200,92,466,106333965,237,-76,-11,-80,-11,1750
04/27/23 15:02:40 ,24.68743257,120.93404791,63.25,364,106,102400,51200,92,466,106333965,237,-75,-13,-80,-11,1750,238,-82,-17,1750
04/27/23 15:02:41 ,24.68743257,120.93404791,63.25,2032,1454,102400,51200,92,466,106333965,237,-75,-13,-80,-12,1750,238,-82,-17,1750
04/27/23 15:02:42 ,24.68743257,120.93404791,63.25,0,0,102400,51200,92,466,106333965,237,-79,-18,-80,-12,1750,238,-76,-14,1750
04/27/23 15:02:43 ,24.68743257,120.93404791,63.25,0,0,102400,51200,92,466,106333965,237,-79,-18,-80,-11,1750,238,-76,-14,1750
04/27/23 15:02:44 ,24.68743257,120.93404791,63.25,0,0,102400,51200,92,466,106333975,238,-75,-12,-80,-11,1750,237,-88,-20,1750
04/27/23 15:02:46 ,24.68743257,120.93404791,63.25,0,0,102400,51200,92,466,106333975,238,-75,-12,-80,-11,1750,237,-88,-20,1750
04/27/23 15:02:47 ,24.68743257,120.93404791,63.25,0,0,102400,51200,92,466,106333975,238,-77,-12,-80,-11,1750
04/27/23 15:02:48 ,24.68743257,120.93404791,63.25,0,0,102400,51200,92,466,106333975,238,-77,-12,-80,-11,1750
04/27/23 15:02:49 ,24.68743257,120.93404791,63.25,0,0,102400,51200,92,466,106333975,238,-81,-11,-81,-11,1750
04/27/23 15:02:50 ,24.68743257,120.93404791,63.25,0,0,102400,51200,92,466,106333975,238,-81,-11,-81,-11,1750
04/27/23 15:02:51 ,24.68743257,120.93404791,63.25,0,0,102400,51200,92,466,106333975,238,-79,-12,-81,-11,1750
04/27/23 15:02:52 ,24.68743257,120.93404791,63.25,0,0,102400,51200,92,466,106333975,238,-79,-12,-,-,1750
04/27/23 15:02:54 ,24.68743257,120.93404791,63.25,0,0,102400,51200,92,466,106333975,238,-74,-10,-,-,1750,238,-77,-11,3050
04/27/23 15:02:55 ,24.68743257,120.93404791,63.25,0,0,102400,51200,92,466,106333975,238,-74,-10,-,-,1750,238,-77,-11,3050
04/27/23 15:02:56 ,24.68743257,120.93404791,63.25,0,0,102400,51200,92,466,106333976,238,-88,-13,-,-,3050
04/27/23 15:02:57 ,24.68743257,120.93404791,63.25,0,0,102400,51200,92,466,106333976,238,-88,-13,-,-,3050
04/27/23 15:02:58 ,24.68743257,120.93404791,63.25,0,0,102400,51200,92,466,106333976,238,-67,-12,-,-,3050
04/27/23 15:02:59 ,24.68743257,120.93404791,63.25,0,0,102400,51200,92,466,106333976,238,-67,-12,-,-,3050
04/27/23 15:03:00 ,24.68743257,120.93404791,63.25,0,0,102400,51200,92,466,106333976,238,-77,-14,-,-,3050
04/27/23 15:03:02 ,24.68743257,120.93404791,63.25,216,168,102400,51200,92,466,106333976,238,-77,-14,-,-,3050
04/27/23 15:03:03 ,24.68743257,120.93404791,63.25,0,0,102400,51200,92,466,106333976,238,-97,-12,-,-,3050,36,-108,-20,3050,37,-106,-16,3050
04/27/23 15:03:04 ,24.68743257,120.93404791,63.25,0,0,102400,51200,92,466,106333976,238,-97,-12,-,-,3050,36,-108,-20,3050,37,-106,-16,3050
04/27/23 15:03:05 ,24.68743257,120.93404791,63.25,0,0,102400,51200,92,466,106333976,238,-92,-13,-93,-12,3050,240,-92,-14,3050,37,-98,-20,3050,50,-97,-20,3050
04/27/23 15:03:06 ,24.68743257,120.93404791,63.25,0,0,102400,51200,92,466,106333976,238,-92,-13,-93,-12,3050,240,-92,-14,3050,37,-98,-20,3050,50,-97,-20,3050
04/27/23 15:03:07 ,24.68743257,120.93404791,63.25,0,0,102400,51200,92,466,106333976,238,-69,-11,-101,-12,3050,240,-75,-20,3050
04/27/23 15:03:09 ,24.68743257,120.93404791,63.25,0,0,102400,51200,92,466,106333976,238,-69,-11,-101,-12,3050,240,-75,-20,3050
04/27/23 15:03:10 ,24.68743257,120.93404791,63.25,0,0,102400,51200,92,466,106333976,238,-79,-12,-101,-12,3050,293,-82,-18,3050
04/27/23 15:03:11 ,24.68743257,120.93404791,63.25,0,0,102400,51200,92,466,106333976,238,-79,-12,-,-,3050,293,-82,-18,3050
04/27/23 15:03:12 ,24.68743257,120.93404791,63.25,0,0,102400,51200,92,466,106337550,293,-70,-10,-,-,3050,238,-82,-17,3050
04/27/23 15:03:13 ,24.68743257,120.93404791,63.25,0,0,102400,51200,92,466,106337550,293,-70,-10,-,-,3050,238,-82,-17,3050
04/27/23 15:03:14 ,24.68743257,120.93404791,63.25,0,0,102400,51200,92,466,106337550,293,-78,-8,-86,-13,3050
04/27/23 15:03:15 ,24.68743257,120.93404791,63.25,0,0,102400,51200,92,466,106337550,293,-78,-8,-86,-13,3050
04/27/23 15:03:17 ,24.68743257,120.93404791,63.25,0,0,102400,51200,92,466,106337550,293,-69,-8,-86,-13,3050
04/27/23 15:03:18 ,24.68743257,120.93404791,63.25,104,104,102400,51200,92,466,106337550,293,-69,-8,-85,-11,3050
04/27/23 15:03:19 ,24.68743257,120.93404791,63.25,0,0,102400,51200,92,466,106337550,293,-78,-10,-85,-11,3050
04/27/23 15:03:20 ,24.68743257,120.93404791,63.25,0,0,102400,51200,92,466,106337550,293,-78,-10,-83,-11,3050
04/27/23 15:03:21 ,24.68743257,120.93404791,63.25,0,0,102400,51200,92,466,106337550,293,-88,-14,-83,-11,3050
04/27/23 15:03:22 ,24.68743257,120.93404791,63.25,0,0,102400,51200,92,466,106337550,293,-88,-14,-83,-11,3050
04/27/23 15:03:24 ,24.68743257,120.93404791,63.25,0,0,102400,51200,92,466,106337550,293,-83,-11,-90,-11,3050
04/27/23 15:03:25 ,24.68743257,120.93404791,63.25,0,0,102400,51200,92,466,106337550,293,-83,-11,-90,-11,3050
04/27/23 15:03:26 ,24.68743257,120.93404791,63.25,0,0,102400,51200,92,466,106337550,293,-109,-15,-90,-11,3050,121,-105,-13,3050
04/27/23 15:03:27 ,24.68743257,120.93404791,63.25,0,0,102400,51200,92,466,106337550,293,-109,-15,-103,-11,3050,121,-105,-13,3050
04/27/23 15:03:28 ,24.68743257,120.93404791,63.25,0,0,102400,51200,92,466,106337549,293,-101,-14,-103,-11,1750,121,-106,-19,1750
04/27/23 15:03:29 ,24.68743257,120.93404791,63.25,0,0,102400,51200,92,466,106337549,293,-101,-14,-109,-11,1750,121,-106,-19,1750
04/27/23 15:03:31 ,24.68743257,120.93404791,63.25,0,0,102400,51200,92,466,106337549,293,-104,-20,-109,-11,1750,437,-87,-20,1750
04/27/23 15:03:32 ,24.68743257,120.93404791,63.25,0,0,102400,51200,92,466,106337549,293,-104,-20,-,-,1750,437,-87,-20,1750
04/27/23 15:03:33 ,24.68743257,120.93404791,63.25,0,0,102400,51200,92,466,105941025,437,-74,-19,-,-,1750,121,-86,-11,3050
04/27/23 15:03:35 ,24.53886828,120.74817929,71.42,64,116,102400,51200,92,466,105941025,437,-74,-19,-,-,1750,121,-86,-11,3050
04/27/23 15:03:37 ,24.53886828,120.74817929,71.42,0,0,102400,51200,92,466,105941025,437,-91,-14,-,-,1750,121,-95,-18,1750,278,-97,-18,1750,276,-97,-20,1750,469,-102,-20,1400,437,-95,-14,1400,278,-96,-16,1400,293,-100,-19,1400
04/27/23 15:03:38 ,24.53886828,120.74817929,71.42,0,0,102400,51200,92,466,105941025,437,-91,-14,-,-,1750,121,-95,-18,1750,278,-97,-18,1750,276,-97,-20,1750,469,-102,-20,1400,437,-95,-14,1400,278,-96,-16,1400,293,-100,-19,1400
04/27/23 15:03:39 ,24.53886828,120.74817929,71.42,0,0,102400,51200,92,466,105986101,121,-99,-15,-,-,1750,437,-101,-19,1750,278,-95,-13,1750,276,-101,-19,1750,277,-101,-19,1750,241,-101,-19,1750
04/27/23 15:03:40 ,24.53886828,120.74817929,71.42,0,0,102400,51200,92,466,105986101,121,-99,-15,-59,-12,1750,437,-101,-19,1750,278,-95,-13,1750,276,-101,-19,1750,277,-101,-19,1750,241,-101,-19,1750
04/27/23 15:03:41 ,24.53886828,120.74817929,71.42,0,0,102400,51200,92,466,105936141,278,-94,-14,-59,-12,1750,437,-102,-20,1750,277,-97,-17,1750,276,-102,-17,1750,293,-101,-18,1750,119,-100,-18,1750,117,-101,-18,1750
04/27/23 15:03:42 ,24.53886828,120.74817929,71.42,0,0,102400,51200,92,466,105936141,278,-94,-14,-60,-11,1750,437,-102,-20,1750,277,-97,-17,1750,276,-102,-17,1750,293,-101,-18,1750,119,-100,-18,1750,117,-101,-18,1750
04/27/23 15:03:43 ,24.53886828,120.74817929,71.42,0,0,102400,51200,92,466,105936141,278,-89,-12,-60,-11,1750,437,-102,-20,1750,277,-104,-20,1750,276,-99,-19,1750,293,-100,-14,1750,119,-100,-19,1750,117,-102,-20,1750
04/27/23 15:03:45 ,24.53886828,120.74817929,71.42,0,0,102400,51200,92,466,105936141,278,-89,-12,-60,-11,1750,437,-102,-20,1750,277,-104,-20,1750,276,-99,-19,1750,293,-100,-14,1750,119,-100,-19,1750,117,-102,-20,1750
04/27/23 15:03:46 ,24.53886828,120.74817929,71.42,0,0,102400,51200,92,466,106337549,293,-86,-14,-74,-11,1750,437,-94,-18,1750,296,-90,-17,1750
04/27/23 15:03:47 ,24.53886828,120.74817929,71.42,0,0,102400,51200,92,466,106337549,293,-86,-14,-,-,1750,437,-94,-18,1750,296,-90,-17,1750
04/27/23 15:03:48 ,24.53886828,120.74817929,71.42,0,0,102400,51200,92,466,106337549,293,-82,-18,-,-,1750,296,-79,-14,1750
04/27/23 15:03:49 ,24.53886828,120.74817929,71.42,0,0,102400,51200,92,466,106337549,293,-82,-18,-,-,1750,296,-79,-14,1750
04/27/23 15:03:50 ,24.53886828,120.74817929,71.42,0,0,102400,51200,92,466,106337805,296,-73,-11,-,-,1750
04/27/23 15:03:51 ,24.53886828,120.74817929,71.42,0,0,102400,51200,92,466,106337805,296,-73,-11,-,-,1750
04/27/23 15:03:53 ,24.53886828,120.74817929,71.42,0,0,102400,51200,92,466,106337805,296,-70,-10,-83,-13,1750
04/27/23 15:03:54 ,24.53886828,120.74817929,71.42,0,0,102400,51200,92,466,106337805,296,-70,-10,-83,-13,1750
04/27/23 15:03:55 ,24.53886828,120.74817929,71.42,0,0,102400,51200,92,466,106337805,296,-76,-12,-83,-13,1750
04/27/23 15:03:56 ,24.53886828,120.74817929,71.42,0,0,102400,51200,92,466,106337805,296,-76,-12,-83,-11,1750
04/27/23 15:03:57 ,24.53886828,120.74817929,71.42,0,0,102400,51200,92,466,106337805,296,-84,-12,-83,-11,1750
04/27/23 15:03:58 ,24.53886828,120.74817929,71.42,0,0,102400,51200,92,466,106337805,296,-84,-12,-88,-11,1750
04/27/23 15:04:00 ,24.53886828,120.74817929,71.42,0,0,102400,51200,92,466,106337805,296,-74,-11,-88,-11,1750
04/27/23 15:04:01 ,24.53886828,120.74817929,71.42,220,351,102400,51200,92,466,106337805,296,-74,-11,-,-,1750
04/27/23 15:04:02 ,24.53886828,120.74817929,71.42,0,0,102400,51200,92,466,106337805,296,-89,-12,-,-,1750
04/27/23 15:04:03 ,24.53886828,120.74817929,71.42,0,0,102400,51200,92,466,106337805,296,-89,-12,-,-,1750
04/27/23 15:04:04 ,24.53886828,120.74817929,71.42,0,0,102400,51200,92,466,106337805,296,-84,-11,-,-,1750,132,-94,-20,1750
04/27/23 15:04:05 ,24.53886828,120.74817929,71.42,0,0,102400,51200,92,466,106337805,296,-84,-11,-87,-11,1750,132,-94,-20,1750
04/27/23 15:04:06 ,24.53886828,120.74817929,71.42,0,0,102400,51200,92,466,106337805,296,-89,-13,-87,-11,1750
04/27/23 15:04:08 ,24.53886828,120.74817929,71.42,0,0,102400,51200,92,466,106337805,296,-89,-13,-85,-11,1750
04/27/23 15:04:09 ,24.53886828,120.74817929,71.42,0,0,102400,51200,92,466,106337805,296,-86,-12,-85,-11,1750
04/27/23 15:04:10 ,24.53886828,120.74817929,71.42,0,0,102400,51200,92,466,106337805,296,-86,-12,-85,-11,1750
04/27/23 15:04:11 ,24.53886828,120.74817929,71.42,0,0,102400,51200,92,466,106337805,296,-78,-11,-85,-11,1750
04/27/23 15:04:12 ,24.53886828,120.74817929,71.42,0,0,102400,51200,92,466,106337805,296,-78,-11,-,-,1750
04/27/23 15:04:13 ,24.53886828,120.74817929,71.42,0,0,102400,51200,92,466,106337805,296,-82,-9,-,-,1750,296,-88,-13,3050
04/27/23 15:04:14 ,24.53886828,120.74817929,71.42,0,0,102400,51200,92,466,106337805,296,-82,-9,-,-,1750,296,-88,-13,3050
04/27/23 15:04:16 ,24.53886828,120.74817929,71.42,0,0,102400,51200,92,466,106337806,296,-96,-14,-,-,3050
04/27/23 15:04:17 ,24.53886828,120.74817929,71.42,0,0,102400,51200,92,466,106337806,296,-96,-14,-,-,3050
04/27/23 15:04:18 ,24.53886828,120.74817929,71.42,0,0,102400,51200,92,466,106337806,296,-86,-11,-,-,3050
04/27/23 15:04:19 ,24.53886828,120.74817929,71.42,0,0,102400,51200,92,466,106337806,296,-86,-11,-,-,3050
04/27/23 15:04:20 ,24.53886828,120.74817929,71.42,0,0,102400,51200,92,466,106337806,296,-87,-20,-,-,3050,295,-90,-16,3050
04/27/23 15:04:21 ,24.53886828,120.74817929,71.42,0,0,102400,51200,92,466,106337806,296,-87,-20,-,-,3050,295,-90,-16,3050
04/27/23 15:04:23 ,24.53886828,120.74817929,71.42,0,0,102400,51200,92,466,106337806,296,-104,-19,-,-,3050,295,-100,-15,3050,14,-107,-20,3050,295,-90,-14,3650,296,-94,-20,3650,295,-89,-14,1400,296,-90,-17,1400,295,-105,-14,3400,296,-107,-15,3400,14,-106,-14,3400
04/27/23 15:04:24 ,24.53886828,120.74817929,71.42,0,0,102400,51200,92,466,106337806,296,-104,-19,-,-,3050,295,-100,-15,3050,14,-107,-20,3050,295,-90,-14,3650,296,-94,-20,3650,295,-89,-14,1400,296,-90,-17,1400,295,-105,-14,3400,296,-107,-15,3400,14,-106,-14,3400
04/27/23 15:04:25 ,24.53886828,120.74817929,71.42,0,0,102400,51200,92,466,106337816,295,-88,-8,-,-,3050,296,-103,-20,3050,295,-68,-14,3650,296,-76,-20,3650,295,-75,-12,1400,296,-82,-18,1400,296,-100,-19,3400,295,-94,-14,3400,14,-97,-17,3400
04/27/23 15:04:26 ,24.53886828,120.74817929,71.42,0,0,102400,51200,92,466,106337816,295,-88,-8,-,-,3050,296,-103,-20,3050,295,-68,-14,3650,296,-76,-20,3650,295,-75,-12,1400,296,-82,-18,1400,296,-100,-19,3400,295,-94,-14,3400,14,-97,-17,3400
04/27/23 15:04:27 ,24.53886828,120.74817929,71.42,0,0,102400,51200,92,466,106337816,295,-72,-10,-,-,3050,296,-83,-20,3050,295,-68,-14,3650,296,-76,-20,3650,295,-75,-12,1400,296,-82,-18,1400,296,-100,-19,3400,295,-94,-14,3400,14,-97,-17,3400
04/27/23 15:04:29 ,24.53886828,120.74817929,71.42,0,0,102400,51200,92,466,106337816,295,-72,-10,-,-,3050,296,-83,-20,3050,295,-68,-14,3650,296,-76,-20,3650,295,-75,-12,1400,296,-82,-18,1400,296,-100,-19,3400,295,-94,-14,3400,14,-97,-17,3400
04/27/23 15:04:30 ,24.53886828,120.74817929,71.42,0,0,102400,51200,92,466,106337816,295,-97,-15,-,-,3050,296,-104,-20,3050,295,-68,-14,3650,296,-76,-20,3650,295,-75,-12,1400,296,-82,-18,1400,296,-100,-19,3400,295,-94,-14,3400,14,-97,-17,3400
04/27/23 15:04:31 ,24.53886828,120.74817929,71.42,0,0,102400,51200,92,466,106337816,295,-97,-15,-,-,3050,296,-104,-20,3050,295,-68,-14,3650,296,-76,-20,3650,295,-75,-12,1400,296,-82,-18,1400,296,-100,-19,3400,295,-94,-14,3400,14,-97,-17,3400
04/27/23 15:04:32 ,24.53886828,120.74817929,71.42,0,0,102400,51200,92,466,106337816,295,-77,-11,-,-,3050,295,-68,-14,3650,296,-76,-20,3650,295,-75,-12,1400,296,-82,-18,1400,296,-100,-19,3400,295,-94,-14,3400,14,-97,-17,3400
04/27/23 15:04:33 ,24.53886828,120.74817929,71.42,0,0,102400,51200,92,466,106337816,295,-77,-11,-,-,3050,295,-68,-14,3650,296,-76,-20,3650,295,-75,-12,1400,296,-82,-18,1400,296,-100,-19,3400,295,-94,-14,3400,14,-97,-17,3400
04/27/23 15:04:34 ,24.53886828,120.74817929,71.42,0,0,102400,51200,92,466,106337816,295,-89,-12,-,-,3050,295,-68,-14,3650,296,-76,-20,3650,295,-75,-12,1400,296,-82,-18,1400,296,-100,-19,3400,295,-94,-14,3400,14,-97,-17,3400
04/27/23 15:04:36 ,24.53886828,120.74817929,71.42,0,0,102400,51200,92,466,106337816,295,-89,-12,-,-,3050,295,-68,-14,3650,296,-76,-20,3650,295,-75,-12,1400,296,-82,-18,1400,296,-100,-19,3400,295,-94,-14,3400,14,-97,-17,3400
04/27/23 15:04:37 ,24.53886828,120.74817929,71.42,0,0,102400,51200,92,466,106337816,295,-76,-12,-,-,3050,295,-68,-14,3650,296,-76,-20,3650,295,-75,-12,1400,296,-82,-18,1400,296,-100,-19,3400,295,-94,-14,3400,14,-97,-17,3400
04/27/23 15:04:38 ,24.53886828,120.74817929,71.42,0,0,102400,51200,92,466,106337816,295,-76,-12,-,-,3050,295,-68,-14,3650,296,-76,-20,3650,295,-75,-12,1400,296,-82,-18,1400,296,-100,-19,3400,295,-94,-14,3400,14,-97,-17,3400
04/27/23 15:04:39 ,24.53886828,120.74817929,71.42,0,0,102400,51200,92,466,106337816,295,-93,-12,-,-,3050,295,-68,-14,3650,296,-76,-20,3650,295,-75,-12,1400,296,-82,-18,1400,296,-100,-19,3400,295,-94,-14,3400,14,-97,-17,3400
04/27/23 15:04:40 ,24.53886828,120.74817929,71.42,0,0,102400,51200,92,466,106337816,295,-93,-12,-,-,3050,295,-68,-14,3650,296,-76,-20,3650,295,-75,-12,1400,296,-82,-18,1400,296,-100,-19,3400,295,-94,-14,3400,14,-97,-17,3400
04/27/23 15:04:41 ,24.53886828,120.74817929,71.42,0,0,102400,51200,92,466,106337816,295,-86,-13,-,-,3050,295,-68,-14,3650,296,-76,-20,3650,295,-75,-12,1400,296,-82,-18,1400,296,-100,-19,3400,295,-94,-14,3400,14,-97,-17,3400
04/27/23 15:04:43 ,24.53886828,120.74817929,71.42,0,0,102400,51200,92,466,106337816,295,-86,-13,-,-,3050,295,-68,-14,3650,296,-76,-20,3650,295,-75,-12,1400,296,-82,-18,1400,296,-100,-19,3400,295,-94,-14,3400,14,-97,-17,3400
04/27/23 15:04:44 ,24.53886828,120.74817929,71.42,0,0,102400,51200,92,466,106337816,295,-95,-11,-,-,3050,295,-68,-14,3650,296,-76,-20,3650,295,-75,-12,1400,296,-82,-18,1400,296,-100,-19,3400,295,-94,-14,3400,14,-97,-17,3400
04/27/23 15:04:45 ,24.53886828,120.74817929,71.42,0,0,102400,51200,92,466,106337816,295,-95,-11,-,-,3050,295,-68,-14,3650,296,-76,-20,3650,295,-75,-12,1400,296,-82,-18,1400,296,-100,-19,3400,295,-94,-14,3400,14,-97,-17,3400
04/27/23 15:04:46 ,24.53886828,120.74817929,71.42,0,0,102400,51200,92,466,106337816,295,-95,-12,-,-,3050,295,-85,-14,3650,296,-92,-18,3650,295,-82,-14,1400,296,-86,-19,1400,295,-102,-15,3400,14,-101,-18,3400,296,-102,-19,3400
04/27/23 15:04:47 ,24.53886828,120.74817929,71.42,0,0,102400,51200,92,466,106337816,295,-95,-12,-,-,3050,295,-85,-14,3650,296,-92,-18,3650,295,-82,-14,1400,296,-86,-19,1400,295,-102,-15,3400,14,-101,-18,3400,296,-102,-19,3400
04/27/23 15:04:48 ,24.53886828,120.74817929,71.42,0,0,102400,51200,92,466,106337816,295,-95,-15,-,-,3050,295,-85,-14,3650,296,-92,-18,3650,295,-82,-14,1400,296,-86,-19,1400,295,-102,-15,3400,14,-101,-18,3400,296,-102,-19,3400
04/27/23 15:04:49 ,24.53886828,120.74817929,71.42,0,0,102400,51200,92,466,106337816,295,-95,-15,-,-,3050,295,-85,-14,3650,296,-92,-18,3650,295,-82,-14,1400,296,-86,-19,1400,295,-102,-15,3400,14,-101,-18,3400,296,-102,-19,3400
04/27/23 15:04:51 ,24.53886828,120.74817929,71.42,0,0,102400,51200,92,466,106337816,295,-86,-11,-,-,3050,297,-95,-18,3050,295,-85,-14,3650,296,-92,-18,3650,295,-82,-14,1400,296,-86,-19,1400,295,-102,-15,3400,14,-101,-18,3400,296,-102,-19,3400
04/27/23 15:04:52 ,24.53886828,120.74817929,71.42,0,0,102400,51200,92,466,106337816,295,-86,-11,-,-,3050,297,-95,-18,3050,295,-85,-14,3650,296,-92,-18,3650,295,-82,-14,1400,296,-86,-19,1400,295,-102,-15,3400,14,-101,-18,3400,296,-102,-19,3400
04/27/23 15:04:53 ,24.53886828,120.74817929,71.42,0,0,102400,51200,92,466,106337816,295,-71,-11,-,-,3050,297,-76,-20,3050,295,-85,-14,3650,296,-92,-18,3650,295,-82,-14,1400,296,-86,-19,1400,295,-102,-15,3400,14,-101,-18,3400,296,-102,-19,3400
04/27/23 15:04:54 ,24.53886828,120.74817929,71.42,0,0,102400,51200,92,466,106337816,295,-71,-11,-,-,3050,297,-76,-20,3050,295,-85,-14,3650,296,-92,-18,3650,295,-82,-14,1400,296,-86,-19,1400,295,-102,-15,3400,14,-101,-18,3400,296,-102,-19,3400
04/27/23 15:04:55 ,24.53886828,120.74817929,71.42,0,0,102400,51200,92,466,106337816,295,-102,-20,-,-,3050,444,-91,-14,3050,295,-70,-19,3650,296,-72,-19,3650,295,-79,-17,1400,296,-82,-20,1400,14,-102,-20,3400,295,-99,-19,3400,296,-100,-20,3400
04/27/23 15:04:56 ,24.53886828,120.74817929,71.42,0,0,102400,51200,92,466,106337816,295,-102,-20,-,-,3050,444,-91,-14,3050,295,-70,-19,3650,296,-72,-19,3650,295,-79,-17,1400,296,-82,-20,1400,14,-102,-20,3400,295,-99,-19,3400,296,-100,-20,3400
04/27/23 15:04:59 ,24.4877647,120.71614692,81.31,0,0,102400,51200,92,466,106338062,444,-105,-12,-,-,3050,295,-70,-19,3650,296,-72,-19,3650,295,-79,-17,1400,296,-82,-20,1400,14,-102,-20,3400,295,-99,-19,3400,296,-100,-20,3400
04/27/23 15:05:03 ,24.48525905,120.71455017,79.52,0,0,102400,51200,92,466,106338062,444,-83,-12,-,-,3050,295,-70,-19,3650,296,-72,-19,3650,295,-79,-17,1400,296,-82,-20,1400,14,-102,-20,3400,295,-99,-19,3400,296,-100,-20,3400
04/27/23 15:05:09 ,24.48157164,120.71227172,76.91,0,0,102400,51200,92,466,106338060,444,-80,-10,-,-,1400,444,-85,-14,3650,295,-90,-19,3650,296,-90,-19,3650,444,-105,-9,3400,296,-116,-20,3400,14,-113,-18,3400,295,-112,-18,3400
04/27/23 15:05:16 ,24.47737347,120.70982431,74.19,0,0,102400,51200,92,466,106338062,444,-84,-11,-,-,3050,444,-85,-14,3650,295,-90,-19,3650,296,-90,-19,3650,444,-70,-10,1400
